productId,productName,productFamily,missingTechnicalFields
"rcyd-type-permanent-magnet-self-dumping-iron-remover","RCYD type permanent magnet self dumping iron remover","suspended","Technical values beyond model reference: confirm from current datasheet or supplier record"
"rcdd-type-self-cooling-self-dumping-electromagnetic-iron-remover","RCDD type self cooling self dumping electromagnetic iron remover","suspended","Technical values beyond model reference: confirm from current datasheet or supplier record"
"rcyb-type-permanent-magnet-manual-iron-remover","RCYB type permanent magnet manual iron remover","suspended","Technical values beyond model reference: confirm from current datasheet or supplier record"
"rcdb-type-self-cooling-plate-electromagnetic-iron-remover","RCDB type self cooling plate electromagnetic iron remover","suspended","Technical values beyond model reference: confirm from current datasheet or supplier record"
"belt-high-gradient-magnetic-separator","Belt High Gradient Magnetic Separator","mineral-processing","Technical values beyond model reference: confirm from current datasheet or supplier record"
"disc-magnetic-separator-for-tailing","Disc Magnetic Separator for Tailing","mineral-processing","Technical values beyond model reference: confirm from current datasheet or supplier record"
"dry-drum-magnetic-separator","Dry Drum Magnetic Separator","mineral-processing","Technical values beyond model reference: confirm from current datasheet or supplier record"
"wet-drum-magnetic-separator","Wet Drum Magnetic Separator","mineral-processing","Technical values beyond model reference: confirm from current datasheet or supplier record"
"cbz-type-rotary-automatic-magnetic-separator","CBZ type rotary automatic magnetic separator","filtering","Technical source review required before display"
"cgb-type-rotary-semi-automatic-magnetic-separator","CGB type rotary semi-automatic magnetic separator","filtering","Technical source review required before display"
"cqz-type-fully-automatic-online-magnetic-separator","CQZ type fully automatic online magnetic separator","suspended","Technical values beyond model reference: confirm from current datasheet or supplier record"
"ctn-wet-full-countercurrent-magnetic-separator","CTN wet full countercurrent magnetic separator","mineral-processing","Technical values beyond model reference: confirm from current datasheet or supplier record"
"cts-type-wet-co-current-magnetic-separator","CTS type wet co current magnetic separator","mineral-processing","Technical values beyond model reference: confirm from current datasheet or supplier record"
"cxj-drum-type-automatic-magnetic-separator","CXJ drum type automatic magnetic separator","mineral-processing","Technical values beyond model reference: confirm from current datasheet or supplier record"
"dcz-type-dry-fully-automatic-magnetic-separator","DCZ type dry fully automatic magnetic separator","mineral-processing","Technical values beyond model reference: confirm from current datasheet or supplier record"
"gls-type-integral-channel-metal-separator","GLS type integral channel metal separator","metal-detection","Technical values beyond model reference: confirm from current datasheet or supplier record"
"cgt-type-super-strong-full-magnetic-drum","CGT type super strong full magnetic drum","mineral-processing","Technical values beyond model reference: confirm from current datasheet or supplier record"
"ctz-type-midfield-strong-semi-magnetic-drum","CTZ type midfield strong semi magnetic drum","mineral-processing","Technical values beyond model reference: confirm from current datasheet or supplier record"
"rcda-type-air-cooled-electromagnetic-iron-remover","RCDA type air-cooled electromagnetic iron remover","suspended","Technical values beyond model reference: confirm from current datasheet or supplier record"
"rcdc-type-air-cooled-self-dumping-electromagnetic-iron-remover","RCDC type air-cooled self dumping electromagnetic iron remover","suspended","Technical values beyond model reference: confirm from current datasheet or supplier record"
"rcde-type-oil-cooled-electromagnetic-iron-remover","RCDE type oil cooled electromagnetic iron remover","suspended","Technical values beyond model reference: confirm from current datasheet or supplier record"
"rcdf-oil-cooled-self-dumping-electromagnetic-iron-remover","RCDF oil cooled self dumping electromagnetic iron remover","suspended","Technical values beyond model reference: confirm from current datasheet or supplier record"
"rcdfj-type-forced-oil-circulation-self-dumping-electromagnetic-iron-remover","RCDFJ type forced oil circulation self dumping electromagnetic iron remover","suspended","Technical values beyond model reference: confirm from current datasheet or supplier record"
"rcps-self-dumping-disc-type-permanent-magnet-iron-remover","RCPS self dumping disc type permanent magnet iron remover","suspended","Technical values beyond model reference: confirm from current datasheet or supplier record"
"rct-type-fully-magnetic-drum","RCT type fully magnetic drum","mineral-processing","Technical values beyond model reference: confirm from current datasheet or supplier record"
"rcya-type-inclined-pipeline-permanent-magnet-iron-remover","RCYA type inclined pipeline permanent magnet iron remover","filtering","Technical values beyond model reference: confirm from current datasheet or supplier record"
"rcydii-type-permanent-magnet-self-dumping-iron-remover","RCYDII type permanent magnet self dumping iron remover","suspended","Technical values beyond model reference: confirm from current datasheet or supplier record"
"rcye-type-permanent-magnet-self-dumping-iron-remover","RCYE type permanent magnet self dumping iron remover","suspended","Technical values beyond model reference: confirm from current datasheet or supplier record"
"rcyf-type-vertical-pipeline-permanent-magnet-iron-remover","RCYF type vertical pipeline permanent magnet iron remover","filtering","Technical values beyond model reference: confirm from current datasheet or supplier record"
"rcyg-type-pipeline-self-dumping-permanent-magnet-iron-remover","RCYG type pipeline self dumping permanent magnet iron remover","filtering","Technical source review required before display"
"rcyp-type-permanent-magnet-manual-self-dumping-iron-remover","RCYP type permanent magnet manual self dumping iron remover","suspended","Technical values beyond model reference: confirm from current datasheet or supplier record"
"rcyz-type-vertical-pipeline-permanent-magnet-iron-remover","RCYZ type vertical pipeline permanent magnet iron remover","filtering","Technical values beyond model reference: confirm from current datasheet or supplier record"
"cqz-type-fully-automatic-online-magnetic-separation","CQZ type fully automatic online magnetic separation","suspended","Technical values beyond model reference: confirm from current datasheet or supplier record"
"ctb-wet-semi-countercurrent-magnetic-separator","CTB wet semi countercurrent magnetic separator","mineral-processing","Technical values beyond model reference: confirm from current datasheet or supplier record"
"dcx-wet-fully-automatic-magnetic-separator","DCX wet fully automatic magnetic separator","mineral-processing","Technical values beyond model reference: confirm from current datasheet or supplier record"
"dcz-type-dry-fully-automatic-magnetic-separation","DCZ type dry fully automatic magnetic separation","mineral-processing","Technical values beyond model reference: confirm from current datasheet or supplier record"
"gtc-wet-plate-magnetic-separator","GTC wet plate magnetic separator","mineral-processing","Technical values beyond model reference: confirm from current datasheet or supplier record"
"hjlh-wet-vertical-ring-high-gradient-magnetic-separator","HJLH wet vertical ring high gradient magnetic separator","mineral-processing","Technical values beyond model reference: confirm from current datasheet or supplier record"
"hjpc-wet-disc-magnetic-separation","HJPC wet disc magnetic separation","mineral-processing","Technical values beyond model reference: confirm from current datasheet or supplier record"
"clt-type-magnetic-desliming-tank","CLT type magnetic desliming tank","mineral-processing","Technical values beyond model reference: confirm from current datasheet or supplier record"
"ctb-type-semi-countercurrent-wet-selection-machine","CTB type semi countercurrent wet selection machine","mineral-processing","Technical values beyond model reference: confirm from current datasheet or supplier record"
"ctdg-type-permanent-magnet-bulk-dry-magnetic-separator","CTDG type permanent magnet bulk dry magnetic separator","mineral-processing","Technical values beyond model reference: confirm from current datasheet or supplier record"
"ctn-type-full-countercurrent-wet-magnetic-separator","CTN type full countercurrent wet magnetic separator","mineral-processing","Technical values beyond model reference: confirm from current datasheet or supplier record"
"cts-type-downstream-wet-pre-selection-machine","CTS type downstream wet pre selection machine","mineral-processing","Technical values beyond model reference: confirm from current datasheet or supplier record"
"ctzs-type-upward-suction-magnetic-separator","CTZS type upward suction magnetic separator","suspended","Technical values beyond model reference: confirm from current datasheet or supplier record"
"hcg-type-dry-pre-selection-machine","HCG type dry pre selection machine","mineral-processing","Technical values beyond model reference: confirm from current datasheet or supplier record"
"hjlh-type-vertical-ring-high-gradient-magnetic-separation","HJLH type vertical ring high gradient magnetic separation","mineral-processing","Technical values beyond model reference: confirm from current datasheet or supplier record"
"ljk-type-magnetic-ore-special-iron-remover","LJK type magnetic ore special iron remover","mineral-processing","Technical values beyond model reference: confirm from current datasheet or supplier record"
"nct-type-concentrated-magnetic-separator","NCT type concentrated magnetic separator","mineral-processing","Technical values beyond model reference: confirm from current datasheet or supplier record"
"wbc-semi-magnetic-tailings-recovery-machine","WBC semi magnetic tailings recovery machine","mineral-processing","Technical values beyond model reference: confirm from current datasheet or supplier record"
"ctn-type-specialized-magnetic-separator-for-coal-washing","CTN type specialized magnetic separator for coal washing","mineral-processing","Technical values beyond model reference: confirm from current datasheet or supplier record"
"hmdn-coal-washing-special-magnetic-separator","HMDN coal washing special magnetic separator","mineral-processing","Technical values beyond model reference: confirm from current datasheet or supplier record"
"suspended-permanent-magnetic-separator","Suspended Permanent Magnetic Separator","suspended","Technical source review required before display"
"suspended-electromagnetic-conveyor-belt-separator","Suspended Electromagnetic Conveyor Belt Separator","suspended","Technical source review required before display"
"dls-type-window-metal-detector","DLS type window metal detector","metal-detection","Technical values beyond model reference: confirm from current datasheet or supplier record"
"gjt-type-window-metal-detector","GJT type window metal detector","metal-detection","Technical source review required before display"
"hecp-eddy-current-metal-sorting-machine","HECP eddy current metal sorting machine","recycling-sorting","Technical values beyond model reference: confirm from current datasheet or supplier record"
"hecs-type-eddy-current-metal-sorting-machine","HECS type eddy current metal sorting machine","recycling-sorting","Technical values beyond model reference: confirm from current datasheet or supplier record"
"drum-magnet","Drum Magnet","mineral-processing","Technical values beyond model reference: confirm from current datasheet or supplier record"
"eccentric-eddy-current-separator","Eccentric Eddy Current Separator","recycling-sorting","Technical source review required before display"
"electromagnet-separator","Electromagnet Separator","suspended","Technical source review required before display"
"magnetic-head-pulley","Magnetic Head Pulley","suspended","Technical values beyond model reference: confirm from current datasheet or supplier record"
"permanent-overband-magnetic-separator","Permanent Overband Magnetic Separator","suspended","Technical source review required before display"
"stainless-steel-separation-conveyor","Stainless Steel Separation Conveyor","recycling-sorting","Technical values beyond model reference: confirm from current datasheet or supplier record"
"cbs-drawer-type-magnetic-filter","CBS drawer type magnetic filter","filtering","Technical source review required before display"
"clc-type-wet-slot-magnetic-filter","CLC type wet slot magnetic filter","filtering","Technical values beyond model reference: confirm from current datasheet or supplier record"
"ctq-type-roller-automatic-magnetic-separator","CTQ type roller automatic magnetic separator","filtering","Technical values beyond model reference: confirm from current datasheet or supplier record"
"cyg-wet-pipeline-magnetic-filter","CYG wet pipeline magnetic filter","filtering","Technical source review required before display"
"rcyz-type-pipeline-magnetic-filter","RCYZ type pipeline magnetic filter","filtering","Technical values beyond model reference: confirm from current datasheet or supplier record"
"clc-type-slot-magnetic-filter","CLC type slot magnetic filter","filtering","Technical values beyond model reference: confirm from current datasheet or supplier record"
"dhd-type-roller-type-automatic-magnetic-separator","DHD type roller type automatic magnetic separator","filtering","Technical values beyond model reference: confirm from current datasheet or supplier record"
"dhj-type-strong-roller-automatic-magnetic-separator","DHJ type strong roller automatic magnetic separator","filtering","Technical values beyond model reference: confirm from current datasheet or supplier record"
"qcg-wet-roller-magnetic-separator","QCG wet roller magnetic separator","filtering","Technical values beyond model reference: confirm from current datasheet or supplier record"
"drawer-magnet","Drawer Magnet","filtering","Technical values beyond model reference: confirm from current datasheet or supplier record"
"hump-magnet","Hump Magnet","filtering","Technical values beyond model reference: confirm from current datasheet or supplier record"
"magnetic-grid","Magnetic Grid","filtering","Technical values beyond model reference: confirm from current datasheet or supplier record"
"magnetic-rod","Magnetic Rod","filtering","Technical values beyond model reference: confirm from current datasheet or supplier record"
"magnetic-trap","Magnetic Trap","filtering","Technical values beyond model reference: confirm from current datasheet or supplier record"
"rotary-pipe-magnet","Rotary Pipe Magnet","filtering","Technical values beyond model reference: confirm from current datasheet or supplier record"
"permanent-filter-bar-magnetic-neodymium-rod","Strong 6000-16000 Gauss Iron Absorbing Permanent Filter Bar Magnetic Neodymium Rod","filtering","Technical source review required before display"
"high-frequency-screen","High Frequency Screen","suspended","Technical values beyond model reference: confirm from current datasheet or supplier record"
"kgla-series-rectifier-control-box","KGLA series rectifier control box","explosion-control","Technical values beyond model reference: confirm from current datasheet or supplier record"
"kxb-mining-explosion-proof-electromagnetic-iron-remover-control-box","KXB mining explosion-proof electromagnetic iron remover control box","explosion-control","Technical values beyond model reference: confirm from current datasheet or supplier record"
"qjz-mining-explosion-proof-permanent-magnet-iron-remover-control-box","QJZ mining explosion-proof permanent magnet iron remover control box","explosion-control","Technical values beyond model reference: confirm from current datasheet or supplier record"
"rbcdb-explosion-proof-disc-type-electromagnetic-iron-remover","RBCDB explosion-proof disc type electromagnetic iron remover","explosion-control","Technical values beyond model reference: confirm from current datasheet or supplier record"
"rbcdd-explosion-proof-electromagnetic-self-dumping-iron-remover","RBCDD explosion-proof electromagnetic self dumping iron remover","explosion-control","Technical values beyond model reference: confirm from current datasheet or supplier record"
"rbcyd-explosion-proof-permanent-magnet-self-dumping-iron-remover","RBCYD explosion-proof permanent magnet self dumping iron remover","explosion-control","Technical values beyond model reference: confirm from current datasheet or supplier record"
"round-electromagnetic-lifting-magnet","Round Electromagnetic Lifting Magnet","lifting","Technical source review required before display"
