slug,title,published_at,content_origin,content_type,source_present,direct_scope,decision,reason
"massachusetts-student-awarded-for-developing-printable-chipless-rfid-tag-tue-aug-18-2026-1","Massachusetts student awarded for developing printable, chipless RFID tag","2026-08-19T05:15:27.296Z","news-automation","news","true","false","already-noindex-pending-review","source-outside-direct-industry-scope"
"guinea-selects-glencore-as-bauxite-offtaker-for-nimba-fri-aug-07-2026-12-35-10-gmt-0000-co","Guinea selects Glencore as bauxite offtaker for Nimba","2026-08-16T05:15:27.843Z","news-automation","news","true","false","already-noindex-pending-review","source-outside-direct-industry-scope"
"fostering-a-climate-resilient-future-a-closer-look-at-eco-cycle-s-recycling-education-init","Fostering a climate-resilient future: A closer look at Eco-Cycle’s recycling education initiatives","2026-08-14T05:00:33.542Z","news-automation","news","true","false","already-noindex-pending-review","source-outside-direct-industry-scope"
"us-2bn-domestic-mining-initiatives","US unveils $2bn boost for domestic mining initiatives","2026-08-11T06:17:42.177Z","news-automation","news","true","false","already-noindex-pending-review","source-outside-direct-industry-scope"
"selection-checklist-rcdd-self-cooling-self-dumping-electromagnetic-iron-remover","How to Select an RCDD Self-Cooling Electromagnetic Iron Remover.","2026-08-11T03:02:35.911Z","news-operations","technical-guide","false","false","keep-or-review-manually","source-missing; source-outside-direct-industry-scope"
"cd-recycling-crusher-protection-self-cleaning-magnet","C&D Recycling Crusher Protection: Where to Place a Self-Cleaning Magnet","2026-08-08T06:58:02.505Z","news-operations","news","true","false","keep-or-review-manually","source-outside-direct-industry-scope"
"magnetic-bars-components-organic-sliced-mushrooms-recalled-because-of-listeria","Organic Listeria: Metal Contamination Control Notes for Processors: Cowinmagnet View","2026-08-06T00:00:00.000Z","","news","true","false","already-noindex-pending-review","source-outside-direct-industry-scope; legacy-template-markers:Why It Matters|Industry Perspective|Brand/Product Connection"
"magnetic-bars-components-plastics-unscripted-the-flexible-conversation","Plastics Unscripted Flexible Conversation: Recycling Buyers Review Magnetic Separation Needs: Cowinmagnet View","2026-08-05T00:00:00.000Z","","news","true","false","already-noindex-pending-review","source-outside-direct-industry-scope; legacy-template-markers:Why It Matters|Industry Perspective|Brand/Product Connection"
"magnetic-separation-safe-and-sound-conveyor-monitoring","Safe: Magnetic Separator Buyer Notes: Cowinmagnet View","2026-08-05T00:00:00.000Z","","news","true","true","already-noindex-pending-review","legacy-template-markers:Why It Matters|Industry Perspective|Brand/Product Connection"
"electromagnetic-separator-magnetic-separation-mining-market-future-market-insights","Magnetic Separation Mining Market: Magnetic Separation Questions for Mineral Buyers: Cowinmagnet View","2026-08-05T00:00:00.000Z","","news","true","true","already-noindex-pending-review","legacy-template-markers:Why It Matters|Industry Perspective|Brand/Product Connection"
"magnetic-bars-components-us-senators-propose-plastic-tracking-bill","Senators Propose Plastic Tracking: Magnetic Separation Questions for Mineral Buyers: Cowinmagnet View","2026-08-04T00:00:00.000Z","","news","true","false","already-noindex-pending-review","source-outside-direct-industry-scope; legacy-template-markers:Why It Matters|Industry Perspective|Brand/Product Connection"
"electromagnetic-separator-dirty-gold-overtakes-cocaine-as-crime-and-8217-s-cash-machine","Dirty 8217: Electromagnetic Separator Selection Notes: Cowinmagnet View","2026-08-04T00:00:00.000Z","","news","true","false","already-noindex-pending-review","source-outside-direct-industry-scope; legacy-template-markers:Why It Matters|Industry Perspective|Brand/Product Connection"
"magnetic-separation-smart-recycling-boxes-that-reward-residents-for-sorting-waste-have-cut","Smart Straits Times: Recycling Buyers Review Magnetic Separation Needs: Cowinmagnet View","2026-08-04T00:00:00.000Z","","news","true","false","already-noindex-pending-review","source-outside-direct-industry-scope; legacy-template-markers:Why It Matters|Industry Perspective|Brand/Product Connection"
"magnetic-separation-how-ai-reduces-the-cost-of-advanced-metal-sorting-recycling-product-ne","How Recycling Product: Recycling Buyers Review Magnetic Separation Needs: Cowinmagnet View","2026-08-04T00:00:00.000Z","","news","true","true","already-noindex-pending-review","legacy-template-markers:Why It Matters|Industry Perspective|Brand/Product Connection"
"magnetic-bars-components-spaghetti-and-chicken-cobbler-recalled-because-of-consumer-compla","Spaghetti: Magnetic Separation Questions for Mineral Buyers: Cowinmagnet View","2026-08-02T00:00:00.000Z","","news","true","false","already-noindex-pending-review","source-outside-direct-industry-scope; legacy-template-markers:Why It Matters|Industry Perspective|Brand/Product Connection"
"magnetic-bars-components-is-food-safety-compromised","Food Safety Compromised: Metal Contamination Control Notes for Processors: Cowinmagnet View","2026-07-31T00:00:00.000Z","","news","true","false","already-noindex-pending-review","source-outside-direct-industry-scope; legacy-template-markers:Why It Matters|Industry Perspective|Brand/Product Connection"
"electromagnetic-separator-titan-mining-secures-graphite-supply-deal-with-us-aerospace-and","Titan Mining: Electromagnetic Separator Selection Notes: Cowinmagnet View","2026-07-31T00:00:00.000Z","","news","true","false","already-noindex-pending-review","source-outside-direct-industry-scope; legacy-template-markers:Why It Matters|Industry Perspective|Brand/Product Connection"
"electromagnetic-separator-pls-plugs-into-lithium-strength-to-cap-off-record-year","PLS: Magnetic Separation Questions for Mineral Buyers: Cowinmagnet View","2026-07-31T00:00:00.000Z","","news","true","false","already-noindex-pending-review","source-outside-direct-industry-scope; legacy-template-markers:Why It Matters|Industry Perspective|Brand/Product Connection"
"magnetic-separation-electronic-waste-recycling-market-to-reach-us-76-92-billion-openpr-com","Electronic Waste Recycling Market: Recycling Buyers Review Magnetic Separation Needs: Cowinmagnet View","2026-07-31T00:00:00.000Z","","news","true","false","already-noindex-pending-review","source-outside-direct-industry-scope; legacy-template-markers:Why It Matters|Industry Perspective|Brand/Product Connection"
"electromagnetic-separator-new-director-joins-core-lithium-ahead-of-finniss-production","New Core Lithium Finniss: Magnetic Separation Questions for Mineral Buyers: Cowinmagnet View","2026-07-27T00:00:00.000Z","","news","true","false","already-noindex-pending-review","source-outside-direct-industry-scope; legacy-template-markers:Why It Matters|Industry Perspective|Brand/Product Connection"
"magnetic-separation-an-alarming-improvement-with-eriez-quarrymagazine-com","Eriez: Conveyor Protection Lessons for Quarry Buyers: Cowinmagnet View","2026-07-27T00:00:00.000Z","","news","true","false","already-noindex-pending-review","source-outside-direct-industry-scope; legacy-template-markers:Why It Matters|Industry Perspective|Brand/Product Connection"
"electromagnetic-separator-permitting-reform-key-to-challenging-china-and-8217-s-critical-m","Permitting China 8217: Magnetic Separation Questions for Mineral Buyers: Cowinmagnet View","2026-07-27T00:00:00.000Z","","news","true","false","already-noindex-pending-review","source-outside-direct-industry-scope; legacy-template-markers:Why It Matters|Industry Perspective|Brand/Product Connection"
"magnetic-separation-hygienic-and-sanitary-weighing-solutions-for-food-safety","Hygienic Sanitary Weighing Solutions: Metal Contamination Control Notes for Processors: Cowinmagnet View","2026-07-26T00:00:00.000Z","","news","true","false","already-noindex-pending-review","source-outside-direct-industry-scope; legacy-template-markers:Why It Matters|Industry Perspective|Brand/Product Connection"
"magnetic-separation-magnetic-iron-separator-market-growth-outlook-to-2035-automation-and-r","Magnetic Iron Separator Market: Recycling Buyers Review Magnetic Separation Needs: Cowinmagnet View","2026-07-25T00:00:00.000Z","","news","true","false","already-noindex-pending-review","source-outside-direct-industry-scope; legacy-template-markers:Why It Matters|Industry Perspective|Brand/Product Connection"
"electromagnetic-separator-chicken-noodle-soup-recalled-because-of-lack-of-import-reinspect","Chicken: Metal Contamination Control Notes for Processors: Cowinmagnet View","2026-07-25T00:00:00.000Z","","news","true","false","already-noindex-pending-review","source-outside-direct-industry-scope; legacy-template-markers:Why It Matters|Industry Perspective|Brand/Product Connection"
"magnetic-separation-hastings-technology-metals-advances-thailand-rare-earth-processing-pla","Hastings Technology Metals Advances: Magnetic Separation Questions for Mineral Buyers: Cowinmagnet View","2026-07-24T00:00:00.000Z","","news","true","false","already-noindex-pending-review","source-outside-direct-industry-scope; legacy-template-markers:Why It Matters|Industry Perspective|Brand/Product Connection"
"magnetic-separation-canada-nickel-adds-ninth-resource-in-timmins-nickel-district","Canada Nickel Timmins: Magnetic Separator Buyer Notes: Cowinmagnet View","2026-07-24T00:00:00.000Z","","news","true","false","already-noindex-pending-review","source-outside-direct-industry-scope; legacy-template-markers:Why It Matters|Industry Perspective|Brand/Product Connection"
"magnetic-bars-components-reducing-food-waste-before-it-reaches-the-drain-a-process-enginee","Reducing Food Waste Before: Magnetic Separation Questions for Mineral Buyers: Cowinmagnet View","2026-07-24T00:00:00.000Z","","news","true","true","already-noindex-pending-review","legacy-template-markers:Why It Matters|Industry Perspective|Brand/Product Connection"
"magnetic-separation-nsw-coal-cuts-emissions-faster-than-any-other-sector","NSW: Magnetic Separator Buyer Notes: Cowinmagnet View","2026-07-24T00:00:00.000Z","","news","true","false","already-noindex-pending-review","source-outside-direct-industry-scope; legacy-template-markers:Why It Matters|Industry Perspective|Brand/Product Connection"
"magnetic-separation-france-mining-conveyor-system-market-analysis-forecast-size-trends-and","France Mining Conveyor System: Magnetic Separation Questions for Mineral Buyers: Cowinmagnet View","2026-07-13T00:00:00.000Z","","news","true","true","already-noindex-pending-review","legacy-template-markers:Why It Matters|Industry Perspective|Brand/Product Connection"
"electromagnetic-separator-uk-invests-50m-to-build-critical-minerals-supply-chain-mining-di","Invests 50m Build Critical: Magnetic Separation Questions for Mineral Buyers: Cowinmagnet View","2026-07-12T00:00:00.000Z","","news","true","false","already-noindex-pending-review","source-outside-direct-industry-scope; legacy-template-markers:Why It Matters|Industry Perspective|Brand/Product Connection"
"magnetic-separation-nigeria-opens-west-africa-s-largest-lithium-processing-plant-to-streng","Nigeria West Africa Africa: Magnetic Separation Questions for Mineral Buyers: Cowinmagnet View","2026-07-12T00:00:00.000Z","","news","true","false","already-noindex-pending-review","source-outside-direct-industry-scope; legacy-template-markers:Why It Matters|Industry Perspective|Brand/Product Connection"
"magnetic-separation-cyclic-materials-to-build-82m-rare-earth-recycling-plant-in-south-caro","Cyclic Materials 82M South: Magnetic Separation Questions for Mineral Buyers: Cowinmagnet View","2026-07-12T00:00:00.000Z","","news","true","true","already-noindex-pending-review","legacy-template-markers:Why It Matters|Industry Perspective|Brand/Product Connection"
"magnetic-bars-components-latest-news-in-the-food-and-beverage-industry","Latest Food Beverage Industry: Magnetic Separation Questions for Mineral Buyers: Cowinmagnet View","2026-07-12T00:00:00.000Z","","news","true","false","already-noindex-pending-review","source-outside-direct-industry-scope; legacy-template-markers:Why It Matters|Industry Perspective|Brand/Product Connection"
"magnetic-separation-managing-hydrogen-sulfide-challenges-in-u-s-landfills","Managing Hydrogen Sulfide Challenges: Recycling Buyers Review Magnetic Separation Needs: Cowinmagnet View","2026-07-11T00:00:00.000Z","","news","true","false","already-noindex-pending-review","source-outside-direct-industry-scope; legacy-template-markers:Why It Matters|Industry Perspective|Brand/Product Connection"
"electromagnetic-separator-contamination-with-hepatitis-a-and-salmonella-among-fda-s-import","Contamination Salmonella FDA: Magnetic Separation Questions for Mineral Buyers: Cowinmagnet View","2026-07-11T00:00:00.000Z","","news","true","false","already-noindex-pending-review","source-outside-direct-industry-scope; legacy-template-markers:Why It Matters|Industry Perspective|Brand/Product Connection"
"magnetic-separation-robotics-enhances-scrap-metal-sorting-with-high-precision-recycling-pr","Robotics Recycling Product: Recycling Buyers Review Magnetic Separation Needs: Cowinmagnet View","2026-07-11T00:00:00.000Z","","news","true","true","already-noindex-pending-review","legacy-template-markers:Why It Matters|Industry Perspective|Brand/Product Connection"
"electromagnetic-separator-larvotto-locks-in-blockade-copper-mine-after-drilling-confirms-g","Larvotto Blockade: Magnetic Separation Questions for Mineral Buyers: Cowinmagnet View","2026-07-11T00:00:00.000Z","","news","true","false","already-noindex-pending-review","source-outside-direct-industry-scope; legacy-template-markers:Why It Matters|Industry Perspective|Brand/Product Connection"
"magnetic-separation-new-industrial-sorting-systems-based-on-laser-spectroscopy-libs-magnet","New LIBS CORDIS: Recycling Buyers Review Magnetic Separation Needs: Cowinmagnet View","2026-07-10T00:00:00.000Z","","news","true","true","already-noindex-pending-review","legacy-template-markers:Why It Matters|Industry Perspective|Brand/Product Connection"
"magnetic-separation-mining-conveyor-system-market-forecast-points-higher-toward-2035-drive","Mining Conveyor System Market: Magnetic Separation Questions for Mineral Buyers: Cowinmagnet View","2026-07-10T00:00:00.000Z","","news","true","true","already-noindex-pending-review","legacy-template-markers:Why It Matters|Industry Perspective|Brand/Product Connection"
"magnetic-separation-un-to-help-kazakhstan-recover-precious-metals-from-electronic-waste-ku","Kazakhstan Kursiv Media: Recycling Buyers Review Magnetic Separation Needs: Cowinmagnet View","2026-07-10T00:00:00.000Z","","news","true","true","already-noindex-pending-review","legacy-template-markers:Why It Matters|Industry Perspective|Brand/Product Connection"
"magnetic-separation-extracting-critical-minerals-from-america-s-coal-waste-tailings-discov","Extracting Critical Minerals America: Magnetic Separation Questions for Mineral Buyers: Cowinmagnet View","2026-07-10T00:00:00.000Z","","news","true","true","already-noindex-pending-review","legacy-template-markers:Why It Matters|Industry Perspective|Brand/Product Connection"
"electromagnetic-separator-creating-mining-districts-could-unlock-billions-in-value-study","Creating: Electromagnetic Separator Selection Notes: Cowinmagnet View","2026-07-09T00:00:00.000Z","","news","true","false","already-noindex-pending-review","source-outside-direct-industry-scope; legacy-template-markers:Why It Matters|Industry Perspective|Brand/Product Connection"
"magnetic-separation-casella-waste-systems-inc-announces-executive-leadership-appointments","Casella Waste Systems Inc: Recycling Buyers Review Magnetic Separation Needs: Cowinmagnet View","2026-07-08T00:00:00.000Z","","news","true","false","already-noindex-pending-review","source-outside-direct-industry-scope; legacy-template-markers:Why It Matters|Industry Perspective|Brand/Product Connection"
"electromagnetic-separator-fenix-crushes-quarter-with-record-shipping-performance","Fenix: Magnetic Separation Questions for Mineral Buyers: Cowinmagnet View","2026-07-08T00:00:00.000Z","","news","true","false","already-noindex-pending-review","source-outside-direct-industry-scope; legacy-template-markers:Why It Matters|Industry Perspective|Brand/Product Connection"
"magnetic-bars-components-fsa-research-targets-campylobacter-reduction","FSA Campylobacter: Metal Contamination Control Notes for Processors: Cowinmagnet View","2026-07-08T00:00:00.000Z","","news","true","false","already-noindex-pending-review","source-outside-direct-industry-scope; legacy-template-markers:Why It Matters|Industry Perspective|Brand/Product Connection"
"magnetic-separation-worker-falls-30-feet-at-cement-plant","Worker Falls Feet Cement: Magnetic Separation Questions for Mineral Buyers: Cowinmagnet View","2026-07-08T00:00:00.000Z","","news","true","true","already-noindex-pending-review","legacy-template-markers:Why It Matters|Industry Perspective|Brand/Product Connection"
"magnetic-separation-national-waste-and-recycling-foundation-s-skip-the-bin-turn-your-batte","National Waste Recycling Foundation: Recycling Buyers Review Magnetic Separation Needs: Cowinmagnet View","2026-07-05T00:00:00.000Z","","news","true","false","already-noindex-pending-review","source-outside-direct-industry-scope; legacy-template-markers:Why It Matters|Industry Perspective|Brand/Product Connection"
"magnetic-separation-product-spotlight-recycling-today-2026-07-05","Product Spotlight Recycling Today: Recycling Buyers Review Magnetic Separation Needs: Cowinmagnet View","2026-07-05T00:00:00.000Z","","news","true","false","already-noindex-pending-review","source-outside-direct-industry-scope; legacy-template-markers:Why It Matters|Industry Perspective|Brand/Product Connection"
"magnetic-separation-product-spotlight-recycling-today","Product Spotlight Recycling Today: Recycling Buyers Review Magnetic Separation Needs: Cowinmagnet View","2026-07-05T00:00:00.000Z","","news","true","false","already-noindex-pending-review","source-outside-direct-industry-scope; legacy-template-markers:Why It Matters|Industry Perspective|Brand/Product Connection"
"magnetic-separation-us-department-of-energy-awards-75m-to-recover-critical-minerals-from-c","Department Energy 75M: Magnetic Separation Questions for Mineral Buyers: Cowinmagnet View","2026-07-05T00:00:00.000Z","","news","true","false","already-noindex-pending-review","source-outside-direct-industry-scope; legacy-template-markers:Why It Matters|Industry Perspective|Brand/Product Connection"
"magnetic-bars-components-reformulation-impacts-from-the-shift-to-natural-food-dyes","Reformulation Impacts Shift Natural: Metal Contamination Control Notes for Processors: Cowinmagnet View","2026-07-05T00:00:00.000Z","","news","true","false","already-noindex-pending-review","source-outside-direct-industry-scope; legacy-template-markers:Why It Matters|Industry Perspective|Brand/Product Connection"
"magnetic-bars-components-beef-jerky-recalled-because-of-undeclared-wheat","Beef: Metal Contamination Control Notes for Processors: Cowinmagnet View","2026-07-04T00:00:00.000Z","","news","true","false","already-noindex-pending-review","source-outside-direct-industry-scope; legacy-template-markers:Why It Matters|Industry Perspective|Brand/Product Connection"
"electromagnetic-separator-silver-mines-moves-bowdens-closer-to-development-2026-07-04","Silver Mines Bowdens: Electromagnetic Separator Selection Notes: Cowinmagnet View","2026-07-04T00:00:00.000Z","","news","true","false","already-noindex-pending-review","source-outside-direct-industry-scope; legacy-template-markers:Why It Matters|Industry Perspective|Brand/Product Connection"
"electromagnetic-separator-silver-mines-moves-bowdens-closer-to-development","Silver Mines Bowdens: Electromagnetic Separator Selection Notes: Cowinmagnet View","2026-07-04T00:00:00.000Z","","news","true","false","already-noindex-pending-review","source-outside-direct-industry-scope; legacy-template-markers:Why It Matters|Industry Perspective|Brand/Product Connection"
"electromagnetic-separator-us-deep-sea-mineral-processing-plant-planned-by-glomar-australia","Glomar Australia Cobalt Blue: Magnetic Separation Questions for Mineral Buyers: Cowinmagnet View","2026-07-03T00:00:00.000Z","","news","true","true","already-noindex-pending-review","legacy-template-markers:Why It Matters|Industry Perspective|Brand/Product Connection"
"electromagnetic-separator-us-based-atlantic-strategic-minerals-confirms-demo-rare-earths-p","US-based Atlantic Strategic Minerals: Magnetic Separation Questions for Mineral Buyers: Cowinmagnet View","2026-07-03T00:00:00.000Z","","news","true","false","already-noindex-pending-review","source-outside-direct-industry-scope; legacy-template-markers:Why It Matters|Industry Perspective|Brand/Product Connection"
"magnetic-separation-improving-bulk-material-handling-through-automation","Improving Bulk Material Handling: Magnetic Separator Buyer Notes: Cowinmagnet View","2026-07-02T00:00:00.000Z","","news","true","false","already-noindex-pending-review","source-outside-direct-industry-scope; legacy-template-markers:Why It Matters|Industry Perspective|Brand/Product Connection"
"magnetic-separation-colorado-compels-automakers-to-own-ev-battery-recycling-and-reclaim-cr","Colorado Compels Automakers Own: Magnetic Separation Questions for Mineral Buyers: Cowinmagnet View","2026-07-02T00:00:00.000Z","","news","true","false","already-noindex-pending-review","source-outside-direct-industry-scope; legacy-template-markers:Why It Matters|Industry Perspective|Brand/Product Connection"
"electromagnetic-separator-koryx-copper-wins-analyst-support-after-namibia-assays","Koryx Copper Namibia: Electromagnetic Separator Selection Notes: Cowinmagnet View","2026-07-02T00:00:00.000Z","","news","true","false","already-noindex-pending-review","source-outside-direct-industry-scope; legacy-template-markers:Why It Matters|Industry Perspective|Brand/Product Connection"
"magnetic-separation-weir-lands-major-slurry-pump-order-in-india","Weir India: Magnetic Separation Questions for Mineral Buyers: Cowinmagnet View","2026-07-01T00:00:00.000Z","","news","true","false","already-noindex-pending-review","source-outside-direct-industry-scope; legacy-template-markers:Why It Matters|Industry Perspective|Brand/Product Connection"
"magnetic-separation-prima-deshecha-landfill-earns-cal-vpp-star-certification","Prima Deshecha Landfill Earns: Recycling Buyers Review Magnetic Separation Needs: Cowinmagnet View","2026-07-01T00:00:00.000Z","","news","true","false","already-noindex-pending-review","source-outside-direct-industry-scope; legacy-template-markers:Why It Matters|Industry Perspective|Brand/Product Connection"
"electromagnetic-separator-how-arafura-and-8217-s-nolans-project-became-absolutely-critical","How Arafura 8217 Nolans: Magnetic Separation Questions for Mineral Buyers: Cowinmagnet View","2026-07-01T00:00:00.000Z","","news","true","false","already-noindex-pending-review","source-outside-direct-industry-scope; legacy-template-markers:Why It Matters|Industry Perspective|Brand/Product Connection"
"electromagnetic-separator-cereulide-incident-and-deadly-listeria-outbreak-highlighted-in-a","Cereulide Listeria: Metal Contamination Control Notes for Processors: Cowinmagnet View","2026-07-01T00:00:00.000Z","","news","true","false","already-noindex-pending-review","source-outside-direct-industry-scope; legacy-template-markers:Why It Matters|Industry Perspective|Brand/Product Connection"
"magnetic-separation-tomra-recycling-unveils-finder-color-next-generation-color-sorting-for","TOMRA Recycling Unveils FINDER: Recycling Buyers Review Magnetic Separation Needs: Cowinmagnet View","2026-06-30T00:00:00.000Z","","news","true","true","already-noindex-pending-review","legacy-template-markers:Why It Matters|Industry Perspective|Brand/Product Connection"
"electromagnetic-separator-greatland-targets-multi-decade-future-at-telfer-havieron","Greatland Telfer-Havieron: Magnetic Separation Questions for Mineral Buyers: Cowinmagnet View","2026-06-30T00:00:00.000Z","","news","true","false","already-noindex-pending-review","source-outside-direct-industry-scope; legacy-template-markers:Why It Matters|Industry Perspective|Brand/Product Connection"
"magnetic-bars-components-plant-based-food-brand-recalls-2-products","Plant-Based Food Brand Recalls: Metal Contamination Control Notes for Processors: Cowinmagnet View","2026-06-30T00:00:00.000Z","","news","true","true","already-noindex-pending-review","legacy-template-markers:Why It Matters|Industry Perspective|Brand/Product Connection"
"magnetic-separation-tactical-resources-eyes-nasdaq-debut-as-texas-rare-earths-project-adva","Tactical Resources Nasdaq Texas: Magnetic Separation Questions for Mineral Buyers: Cowinmagnet View","2026-06-29T00:00:00.000Z","","news","true","false","already-noindex-pending-review","source-outside-direct-industry-scope; legacy-template-markers:Why It Matters|Industry Perspective|Brand/Product Connection"
"electromagnetic-separator-us-army-opens-bases-to-critical-minerals-plants-miningmx","Army Miningmx: Magnetic Separation Questions for Mineral Buyers: Cowinmagnet View","2026-06-29T00:00:00.000Z","","news","true","false","already-noindex-pending-review","source-outside-direct-industry-scope; legacy-template-markers:Why It Matters|Industry Perspective|Brand/Product Connection"
"electromagnetic-separator-thiess-adds-fourth-liebherr-r-9800-in-queensland","Thiess Liebherr 9800 Queensland: Electromagnetic Separator Selection Notes: Cowinmagnet View","2026-06-29T00:00:00.000Z","","news","true","false","already-noindex-pending-review","source-outside-direct-industry-scope; legacy-template-markers:Why It Matters|Industry Perspective|Brand/Product Connection"
"magnetic-separation-focus-on-app-and-hardware-update-steinert-metal-and-waste-sorting-solu","Focus App Hardware Update: Recycling Buyers Review Magnetic Separation Needs: Cowinmagnet View","2026-06-29T00:00:00.000Z","","news","true","true","already-noindex-pending-review","legacy-template-markers:Why It Matters|Industry Perspective|Brand/Product Connection"
"magnetic-separation-gfl-environmental-inc-announces-proposed-private-offering-of-senior-no","GFL Environmental Inc Announces: Conveyor Protection Lessons for Quarry Buyers: Cowinmagnet View","2026-06-28T00:00:00.000Z","","news","true","false","already-noindex-pending-review","source-outside-direct-industry-scope; legacy-template-markers:Why It Matters|Industry Perspective|Brand/Product Connection"
"magnetic-separation-wmw-metal-recycling-waste-sorting-excellence-conservit-s-path-to-high","WMW Metal Recycling Waste: Recycling Buyers Review Magnetic Separation Needs: Cowinmagnet View","2026-06-28T00:00:00.000Z","","news","true","true","already-noindex-pending-review","legacy-template-markers:Why It Matters|Industry Perspective|Brand/Product Connection"
"electromagnetic-separator-fda-imposes-stricter-import-controls-because-of-pesticides-salmo","FDA Salmonella: Magnetic Separation Questions for Mineral Buyers: Cowinmagnet View","2026-06-28T00:00:00.000Z","","news","true","false","already-noindex-pending-review","source-outside-direct-industry-scope; legacy-template-markers:Why It Matters|Industry Perspective|Brand/Product Connection"
"electromagnetic-separator-leadership-change-signals-covalent-and-8217-s-next-growth-phase","Leadership Covalent 8217: Magnetic Separation Questions for Mineral Buyers: Cowinmagnet View","2026-06-28T00:00:00.000Z","","news","true","false","already-noindex-pending-review","source-outside-direct-industry-scope; legacy-template-markers:Why It Matters|Industry Perspective|Brand/Product Connection"
"electromagnetic-separator-food-industry-report-reveals-rising-pay-top-concerns","Food Industry Report Reveals: Metal Contamination Control Notes for Processors: Cowinmagnet View","2026-06-27T00:00:00.000Z","","news","true","false","already-noindex-pending-review","source-outside-direct-industry-scope; legacy-template-markers:Why It Matters|Industry Perspective|Brand/Product Connection"
"magnetic-separation-plastics-unscripted-the-state-of-plastics","Plastics Unscripted State Plastics: Recycling Buyers Review Magnetic Separation Needs: Cowinmagnet View","2026-06-27T00:00:00.000Z","","news","true","false","already-noindex-pending-review","source-outside-direct-industry-scope; legacy-template-markers:Why It Matters|Industry Perspective|Brand/Product Connection"
"electromagnetic-separator-infographic-canada-s-miners-are-blue-collar-wage-leaders","Infographic Canada: Electromagnetic Separator Selection Notes: Cowinmagnet View","2026-06-27T00:00:00.000Z","","news","true","false","already-noindex-pending-review","source-outside-direct-industry-scope; legacy-template-markers:Why It Matters|Industry Perspective|Brand/Product Connection"
"magnetic-separation-wear-liner-impact-plate-market-forecast-to-2035-replacement-demand-fro","Wear Liner Impact Plate: Magnetic Separation Questions for Mineral Buyers: Cowinmagnet View","2026-06-27T00:00:00.000Z","","news","true","false","already-noindex-pending-review","source-outside-direct-industry-scope; legacy-template-markers:Why It Matters|Industry Perspective|Brand/Product Connection"
"electromagnetic-separator-wa-urged-to-seize-100-billion-critical-minerals-opportunity","100: Magnetic Separation Questions for Mineral Buyers: Cowinmagnet View","2026-06-25T00:00:00.000Z","","news","true","false","already-noindex-pending-review","source-outside-direct-industry-scope; legacy-template-markers:Why It Matters|Industry Perspective|Brand/Product Connection"
"magnetic-bars-components-restaurant-inspection-data-may-help-strengthen-foodborne-illness","Restaurant: Magnetic Separation Questions for Mineral Buyers: Cowinmagnet View","2026-06-25T00:00:00.000Z","","news","true","false","already-noindex-pending-review","source-outside-direct-industry-scope; legacy-template-markers:Why It Matters|Industry Perspective|Brand/Product Connection"
"magnetic-bars-components-icf-system-for-food-environments","ICF System Food Environments: Metal Contamination Control Notes for Processors: Cowinmagnet View","2026-06-24T00:00:00.000Z","","news","true","false","already-noindex-pending-review","source-outside-direct-industry-scope; legacy-template-markers:Why It Matters|Industry Perspective|Brand/Product Connection"
"magnetic-separation-waste-world-episode-68-todd-ellis-on-building-a-better-battery-recycli","Waste World Episode Todd: Recycling Buyers Review Magnetic Separation Needs: Cowinmagnet View","2026-06-24T00:00:00.000Z","","news","true","false","already-noindex-pending-review","source-outside-direct-industry-scope; legacy-template-markers:Why It Matters|Industry Perspective|Brand/Product Connection"
"electromagnetic-separator-newmont-and-8217-s-red-chris-underground-expansion-gets-regulato","Newmont 8217 Red Chris: Electromagnetic Separator Selection Notes: Cowinmagnet View","2026-06-24T00:00:00.000Z","","news","true","false","already-noindex-pending-review","source-outside-direct-industry-scope; legacy-template-markers:Why It Matters|Industry Perspective|Brand/Product Connection"
"magnetic-separation-sustainable-building-materials-company-ceo-on-equipment-choices","Sustainable Building Materials Company: Conveyor Protection Lessons for Quarry Buyers: Cowinmagnet View","2026-06-19T00:00:00.000Z","","news","true","false","already-noindex-pending-review","source-outside-direct-industry-scope; legacy-template-markers:Why It Matters|Industry Perspective|Brand/Product Connection"
"electromagnetic-separator-rinehart-s-1b-spacex-bet-targets-mining-beyond-earth","Rinehart SpaceX Earth: Magnetic Separation Questions for Mineral Buyers: Cowinmagnet View","2026-06-19T00:00:00.000Z","","news","true","false","already-noindex-pending-review","source-outside-direct-industry-scope; legacy-template-markers:Why It Matters|Industry Perspective|Brand/Product Connection"
"magnetic-separation-casella-s-roadmap-for-renewable-energy-and-driving-a-circular-economy","Casella Roadmap Renewable Energy: Recycling Buyers Review Magnetic Separation Needs: Cowinmagnet View","2026-06-19T00:00:00.000Z","","news","true","false","already-noindex-pending-review","source-outside-direct-industry-scope; legacy-template-markers:Why It Matters|Industry Perspective|Brand/Product Connection"
"electromagnetic-separator-sandvik-achieves-record-operating-hours-on-leopard-di650i","Sandvik Leopard DI650i: Magnetic Separation Questions for Mineral Buyers: Cowinmagnet View","2026-06-19T00:00:00.000Z","","news","true","false","already-noindex-pending-review","source-outside-direct-industry-scope; legacy-template-markers:Why It Matters|Industry Perspective|Brand/Product Connection"
"electromagnetic-separator-publisher-s-platform-fda-s-byheart-inspection-report-is-finally","Publisher Platform FDA ByHeart: Electromagnetic Separator Selection Notes: Cowinmagnet View","2026-06-17T00:00:00.000Z","","news","true","false","already-noindex-pending-review","source-outside-direct-industry-scope; legacy-template-markers:Why It Matters|Industry Perspective|Brand/Product Connection"
"magnetic-separation-wmw-setting-new-standards-in-scrap-recycling-hudei-metals-leads-india","WMW Setting HUDEI Metals: Recycling Buyers Review Magnetic Separation Needs: Cowinmagnet View","2026-06-17T00:00:00.000Z","","news","true","true","already-noindex-pending-review","legacy-template-markers:Why It Matters|Industry Perspective|Brand/Product Connection"
"electromagnetic-separator-barminco-selects-sandvik-for-23-unit-bellevue-gold-project-fleet","Barminco Sandvik 23-unit Bellevue: Electromagnetic Separator Selection Notes: Cowinmagnet View","2026-06-16T00:00:00.000Z","","news","true","false","already-noindex-pending-review","source-outside-direct-industry-scope; legacy-template-markers:Why It Matters|Industry Perspective|Brand/Product Connection"
"magnetic-bars-components-nestl-removes-all-artificial-food-dyes-from-us-products","Nestl Removes All Artificial: Metal Contamination Control Notes for Processors: Cowinmagnet View","2026-06-16T00:00:00.000Z","","news","true","false","already-noindex-pending-review","source-outside-direct-industry-scope; legacy-template-markers:Why It Matters|Industry Perspective|Brand/Product Connection"
"magnetic-separation-cirba-solutions-collaborates-with-industry-coalition-behind-colorado-s","Cirba Solutions Collaborates Industry: Recycling Buyers Review Magnetic Separation Needs: Cowinmagnet View","2026-06-16T00:00:00.000Z","","news","true","false","already-noindex-pending-review","source-outside-direct-industry-scope; legacy-template-markers:Why It Matters|Industry Perspective|Brand/Product Connection"
"magnetic-separation-prospare-enhance-conveyor-efficiency-at-uk-cement-plant-agg-net","ProSpare Agg-Net: Conveyor Protection Lessons for Quarry Buyers: Cowinmagnet View","2026-06-14T00:00:00.000Z","","news","true","true","already-noindex-pending-review","legacy-template-markers:Why It Matters|Industry Perspective|Brand/Product Connection"
"electromagnetic-separator-indonesia-raids-gold-company-in-1-4b-laundering-probe","Indonesia: Electromagnetic Separator Selection Notes: Cowinmagnet View","2026-06-13T00:00:00.000Z","","news","true","false","already-noindex-pending-review","source-outside-direct-industry-scope; legacy-template-markers:Why It Matters|Industry Perspective|Brand/Product Connection"
"electromagnetic-separator-mining-s-next-boom-is-off-the-map-arctic-ice-abyssal-plains-and","Mining Arctic: Magnetic Separation Questions for Mineral Buyers: Cowinmagnet View","2026-06-13T00:00:00.000Z","","news","true","false","already-noindex-pending-review","source-outside-direct-industry-scope; legacy-template-markers:Why It Matters|Industry Perspective|Brand/Product Connection"
"electromagnetic-separator-goldmining-pea-outlines-532m-value-10-year-life-for-s-o-jorge-pr","GoldMining PEA 532M 10-year: Electromagnetic Separator Selection Notes: Cowinmagnet View","2026-06-12T00:00:00.000Z","","news","true","false","already-noindex-pending-review","source-outside-direct-industry-scope; legacy-template-markers:Why It Matters|Industry Perspective|Brand/Product Connection"
"magnetic-separation-glencore-to-resume-emissions-spending-at-quebec-smelter","Glencore Quebec: Magnetic Separation Questions for Mineral Buyers: Cowinmagnet View","2026-06-12T00:00:00.000Z","","news","true","false","already-noindex-pending-review","source-outside-direct-industry-scope; legacy-template-markers:Why It Matters|Industry Perspective|Brand/Product Connection"
"electromagnetic-separator-mining-m-and-038-a-value-surges-in-q1-but-deal-count-plunges-s-a","Mining 038 038: Electromagnetic Separator Selection Notes: Cowinmagnet View","2026-06-11T00:00:00.000Z","","news","true","false","already-noindex-pending-review","source-outside-direct-industry-scope; legacy-template-markers:Why It Matters|Industry Perspective|Brand/Product Connection"
"magnetic-separation-recycling-entrepreneurs-among-south-african-award-winners","Recycling South African: Recycling Buyers Review Magnetic Separation Needs: Cowinmagnet View","2026-06-10T00:00:00.000Z","","news","true","false","already-noindex-pending-review","source-outside-direct-industry-scope; legacy-template-markers:Why It Matters|Industry Perspective|Brand/Product Connection"
"magnetic-separation-rio-tinto-ramps-up-smelter-with-recycling-tie-in","Rio Tinto: Recycling Buyers Review Magnetic Separation Needs: Cowinmagnet View","2026-06-09T00:00:00.000Z","","news","true","false","already-noindex-pending-review","source-outside-direct-industry-scope; legacy-template-markers:Why It Matters|Industry Perspective|Brand/Product Connection"
"magnetic-separation-elementusa-colorado-school-of-mines-win-67m-award-for-rare-earth-proce","Rare Earth Processing News Signals Magnetic Separation Demand: Cowinmagnet View","2026-06-09T00:00:00.000Z","","news","true","false","already-noindex-pending-review","source-outside-direct-industry-scope; legacy-template-markers:Why It Matters|Industry Perspective|Brand/Product Connection"
"magnetic-separation-stardust-power-joins-doe-backed-lithium-extraction-program","Rare Earth Processing News Signals Magnetic Separation Demand: Cowinmagnet View","2026-06-06T00:00:00.000Z","","news","true","false","already-noindex-pending-review","source-outside-direct-industry-scope; legacy-template-markers:Why It Matters|Industry Perspective|Brand/Product Connection"
"magnetic-separation-commentary-lithium-ion-battery-fire-risks-and-mitigation-across-the-wa","Rare Earth Processing News Signals Magnetic Separation Demand: Cowinmagnet View","2026-06-05T00:00:00.000Z","","news","true","false","already-noindex-pending-review","source-outside-direct-industry-scope; legacy-template-markers:Why It Matters|Industry Perspective|Brand/Product Connection"
