site_id,url,content_type,published_at,title,source_url,source_date,word_count,duplicate_cluster,similarity_score,index_status,decision,reason,redirect_target,rollback_method,reviewer
"cowinmagnet-production","https://www.cowinmagnet.com/en/news/selection-checklist-rcdd-self-cooling-self-dumping-electromagnetic-iron-remover","news","2026-08-11T03:02:35.911Z","Selection Checklist for RCDD Self‑Cooling Self‑Dumping Electromagnetic Iron Remover","https://im-mining.com/2026/08/10/zijin-longking-launches-230-t-class-battery-mining-truck-signs-autonomy-partnership-with-eacon/","August 10, 2026","1517","","","indexable","keep","published-news","","Restore seoIndexable/list visibility from CMS payload or pre-migration backup","automation-policy"
"cowinmagnet-production","https://www.cowinmagnet.com/en/news/cd-recycling-crusher-protection-self-cleaning-magnet","news","2026-08-08T06:58:02.505Z","C&D Recycling Crusher Protection: Where to Place a Self-Cleaning Magnet","https://www.gov.uk/government/publications/sr2022-no-3-construction-demolition-and-excavation-waste-transfer-station","May 1, 2026","1437","","","indexable","keep","published-news","","Restore seoIndexable/list visibility from CMS payload or pre-migration backup","automation-policy"
"cowinmagnet-production","https://www.cowinmagnet.com/en/news/magnetic-bars-components-organic-sliced-mushrooms-recalled-because-of-listeria","news","2026-08-06","Organic Listeria: Metal Contamination Control Notes for Processors: Cowinmagnet View","https://www.foodsafetynews.com/2026/08/organic-sliced-mushrooms-recalled-because-of-listeria/","2026-08-05","1260","","","noindex","noindex-follow","legacy-template-needs-review","","Restore seoIndexable/list visibility from CMS payload or pre-migration backup","automation-policy"
"cowinmagnet-production","https://www.cowinmagnet.com/en/news/magnetic-bars-components-plastics-unscripted-the-flexible-conversation","news","2026-08-05","Plastics Unscripted Flexible Conversation: Recycling Buyers Review Magnetic Separation Needs: Cowinmagnet View","https://www.waste360.com/industry-insights/plastics-unscripted-the-flexible-conversation","2026-08-05","1267","","","noindex","noindex-follow","legacy-template-needs-review","","Restore seoIndexable/list visibility from CMS payload or pre-migration backup","automation-policy"
"cowinmagnet-production","https://www.cowinmagnet.com/en/news/magnetic-separation-safe-and-sound-conveyor-monitoring","news","2026-08-05","Safe: Magnetic Separator Buyer Notes: Cowinmagnet View","https://www.australianmining.com.au/safe-and-sound-conveyor-monitoring/","2026-08-04","1281","","","noindex","noindex-follow","legacy-template-needs-review","","Restore seoIndexable/list visibility from CMS payload or pre-migration backup","automation-policy"
"cowinmagnet-production","https://www.cowinmagnet.com/en/news/electromagnetic-separator-magnetic-separation-mining-market-future-market-insights","news","2026-08-05","Magnetic Separation Mining Market: Magnetic Separation Questions for Mineral Buyers: Cowinmagnet View","https://www.futuremarketinsights.com/reports/magnetic-separation-mining-market","2026-08-04","1248","","","noindex","noindex-follow","legacy-template-needs-review","","Restore seoIndexable/list visibility from CMS payload or pre-migration backup","automation-policy"
"cowinmagnet-production","https://www.cowinmagnet.com/en/news/magnetic-bars-components-us-senators-propose-plastic-tracking-bill","news","2026-08-04","Senators Propose Plastic Tracking: Magnetic Separation Questions for Mineral Buyers: Cowinmagnet View","https://www.powderbulksolids.com/chemical/us-senators-propose-plastic-tracking-bill","2026-08-04","1265","","","noindex","noindex-follow","legacy-template-needs-review","","Restore seoIndexable/list visibility from CMS payload or pre-migration backup","automation-policy"
"cowinmagnet-production","https://www.cowinmagnet.com/en/news/electromagnetic-separator-dirty-gold-overtakes-cocaine-as-crime-and-8217-s-cash-machine","news","2026-08-04","Dirty 8217: Electromagnetic Separator Selection Notes: Cowinmagnet View","https://www.mining.com/dirty-gold-overtakes-cocaine-as-crimes-cash-machine/","2026-08-03","1220","","","noindex","noindex-follow","legacy-template-needs-review","","Restore seoIndexable/list visibility from CMS payload or pre-migration backup","automation-policy"
"cowinmagnet-production","https://www.cowinmagnet.com/en/news/magnetic-separation-smart-recycling-boxes-that-reward-residents-for-sorting-waste-have-cut","news","2026-08-04","Smart Straits Times: Recycling Buyers Review Magnetic Separation Needs: Cowinmagnet View","https://www.straitstimes.com/singapore/smart-recycling-boxes-in-bishan-rewards-residents-for-sorting-waste-slashing-contamination-rate","2023-03-20","1260","","","noindex","noindex-follow","legacy-template-needs-review","","Restore seoIndexable/list visibility from CMS payload or pre-migration backup","automation-policy"
"cowinmagnet-production","https://www.cowinmagnet.com/en/news/magnetic-separation-how-ai-reduces-the-cost-of-advanced-metal-sorting-recycling-product-ne","news","2026-08-04","How Recycling Product: Recycling Buyers Review Magnetic Separation Needs: Cowinmagnet View","https://www.recyclingproductnews.com/article/44782/bindercos-ai-system-makes-advanced-metal-recycling-more-accessible","2026-07-28","1252","","","noindex","noindex-follow","legacy-template-needs-review","","Restore seoIndexable/list visibility from CMS payload or pre-migration backup","automation-policy"
"cowinmagnet-production","https://www.cowinmagnet.com/en/news/magnetic-bars-components-spaghetti-and-chicken-cobbler-recalled-because-of-consumer-compla","news","2026-08-02","Spaghetti: Magnetic Separation Questions for Mineral Buyers: Cowinmagnet View","https://www.foodsafetynews.com/2026/08/spaghetti-and-chicken-cobbler-recalled-because-of-consumer-complaint-about-metal-pieces/","2026-08-01","1269","","","noindex","noindex-follow","legacy-template-needs-review","","Restore seoIndexable/list visibility from CMS payload or pre-migration backup","automation-policy"
"cowinmagnet-production","https://www.cowinmagnet.com/en/news/magnetic-bars-components-is-food-safety-compromised","news","2026-07-31","Food Safety Compromised: Metal Contamination Control Notes for Processors: Cowinmagnet View","https://www.powderbulksolids.com/product-recalls/is-food-safety-compromised-","2026-07-31","1229","","","noindex","noindex-follow","legacy-template-needs-review","","Restore seoIndexable/list visibility from CMS payload or pre-migration backup","automation-policy"
"cowinmagnet-production","https://www.cowinmagnet.com/en/news/electromagnetic-separator-titan-mining-secures-graphite-supply-deal-with-us-aerospace-and","news","2026-07-31","Titan Mining: Electromagnetic Separator Selection Notes: Cowinmagnet View","https://www.mining.com/titan-mining-secures-graphite-supply-deal-with-us-aerospace-and-defense-manufacturer/","2026-07-29","1228","","","noindex","noindex-follow","legacy-template-needs-review","","Restore seoIndexable/list visibility from CMS payload or pre-migration backup","automation-policy"
"cowinmagnet-production","https://www.cowinmagnet.com/en/news/electromagnetic-separator-pls-plugs-into-lithium-strength-to-cap-off-record-year","news","2026-07-31","PLS: Magnetic Separation Questions for Mineral Buyers: Cowinmagnet View","https://www.australianmining.com.au/pls-plugs-into-lithium-strength-to-cap-off-record-year/","2026-07-31","1299","","","noindex","noindex-follow","legacy-template-needs-review","","Restore seoIndexable/list visibility from CMS payload or pre-migration backup","automation-policy"
"cowinmagnet-production","https://www.cowinmagnet.com/en/news/magnetic-separation-electronic-waste-recycling-market-to-reach-us-76-92-billion-openpr-com","news","2026-07-31","Electronic Waste Recycling Market: Recycling Buyers Review Magnetic Separation Needs: Cowinmagnet View","https://www.openpr.com/news/4592124/electronic-waste-recycling-market-to-reach-us-76-92-billion","2026-07-31","1250","","","noindex","noindex-follow","legacy-template-needs-review","","Restore seoIndexable/list visibility from CMS payload or pre-migration backup","automation-policy"
"cowinmagnet-production","https://www.cowinmagnet.com/en/news/electromagnetic-separator-new-director-joins-core-lithium-ahead-of-finniss-production","news","2026-07-27","New Core Lithium Finniss: Magnetic Separation Questions for Mineral Buyers: Cowinmagnet View","https://www.australianmining.com.au/new-director-joins-core-lithium-ahead-of-finniss-production/","2026-07-27","1323","","","noindex","noindex-follow","legacy-template-needs-review","","Restore seoIndexable/list visibility from CMS payload or pre-migration backup","automation-policy"
"cowinmagnet-production","https://www.cowinmagnet.com/en/news/magnetic-separation-an-alarming-improvement-with-eriez-quarrymagazine-com","news","2026-07-27","Eriez: Conveyor Protection Lessons for Quarry Buyers: Cowinmagnet View","https://www.quarrymagazine.com/an-alarming-improvement-eriez/","2026-07-26","1214","","","noindex","noindex-follow","legacy-template-needs-review","","Restore seoIndexable/list visibility from CMS payload or pre-migration backup","automation-policy"
"cowinmagnet-production","https://www.cowinmagnet.com/en/news/electromagnetic-separator-permitting-reform-key-to-challenging-china-and-8217-s-critical-m","news","2026-07-27","Permitting China 8217: Magnetic Separation Questions for Mineral Buyers: Cowinmagnet View","https://www.mining.com/permitting-reform-key-to-challenging-chinas-critical-minerals-dominance-us-mining-lawyer/","2026-07-21","1255","","","noindex","noindex-follow","legacy-template-needs-review","","Restore seoIndexable/list visibility from CMS payload or pre-migration backup","automation-policy"
"cowinmagnet-production","https://www.cowinmagnet.com/en/news/magnetic-separation-hygienic-and-sanitary-weighing-solutions-for-food-safety","news","2026-07-26","Hygienic Sanitary Weighing Solutions: Metal Contamination Control Notes for Processors: Cowinmagnet View","https://www.powderbulksolids.com/industrial-feeders/hygienic-and-sanitary-weighing-solutions-for-food-safety","2026-07-22","1258","","","noindex","noindex-follow","legacy-template-needs-review","","Restore seoIndexable/list visibility from CMS payload or pre-migration backup","automation-policy"
"cowinmagnet-production","https://www.cowinmagnet.com/en/news/magnetic-separation-magnetic-iron-separator-market-growth-outlook-to-2035-automation-and-r","news","2026-07-25","Magnetic Iron Separator Market: Recycling Buyers Review Magnetic Separation Needs: Cowinmagnet View","https://www.indexbox.io/blog/magnetic-iron-separator-market-forecast-points-higher-toward-2035-driven-by-mining-automation-and-recycling-expansion/","2026-07-19","1266","","","noindex","noindex-follow","legacy-template-needs-review","","Restore seoIndexable/list visibility from CMS payload or pre-migration backup","automation-policy"
"cowinmagnet-production","https://www.cowinmagnet.com/en/news/electromagnetic-separator-chicken-noodle-soup-recalled-because-of-lack-of-import-reinspect","news","2026-07-25","Chicken: Metal Contamination Control Notes for Processors: Cowinmagnet View","https://www.foodsafetynews.com/2026/07/chicken-noodle-soup-recalled-because-of-lack-of-import-reinspection/","2026-07-24","1254","","","noindex","noindex-follow","legacy-template-needs-review","","Restore seoIndexable/list visibility from CMS payload or pre-migration backup","automation-policy"
"cowinmagnet-production","https://www.cowinmagnet.com/en/news/magnetic-separation-hastings-technology-metals-advances-thailand-rare-earth-processing-pla","news","2026-07-24","Hastings Technology Metals Advances: Magnetic Separation Questions for Mineral Buyers: Cowinmagnet View","https://kalkine.com.au/news/announcements/hastings-technology-metals-advances-thailand-rare-earth-processing-plant-with-framework-offtake-agreement-and-doubled-capacity-plans","2026-07-24","1279","","","noindex","noindex-follow","legacy-template-needs-review","","Restore seoIndexable/list visibility from CMS payload or pre-migration backup","automation-policy"
"cowinmagnet-production","https://www.cowinmagnet.com/en/news/magnetic-separation-canada-nickel-adds-ninth-resource-in-timmins-nickel-district","news","2026-07-24","Canada Nickel Timmins: Magnetic Separator Buyer Notes: Cowinmagnet View","https://www.mining.com/canada-nickel-adds-ninth-resource-in-timmins-nickel-district/","2026-07-23","1238","","","noindex","noindex-follow","legacy-template-needs-review","","Restore seoIndexable/list visibility from CMS payload or pre-migration backup","automation-policy"
"cowinmagnet-production","https://www.cowinmagnet.com/en/news/magnetic-bars-components-reducing-food-waste-before-it-reaches-the-drain-a-process-enginee","news","2026-07-24","Reducing Food Waste Before: Magnetic Separation Questions for Mineral Buyers: Cowinmagnet View","https://foodindustryexecutive.com/2026/07/product-recovery-food-manufacturing/","2026-07-23","1275","","","noindex","noindex-follow","legacy-template-needs-review","","Restore seoIndexable/list visibility from CMS payload or pre-migration backup","automation-policy"
"cowinmagnet-production","https://www.cowinmagnet.com/en/news/magnetic-separation-nsw-coal-cuts-emissions-faster-than-any-other-sector","news","2026-07-24","NSW: Magnetic Separator Buyer Notes: Cowinmagnet View","https://www.australianmining.com.au/nsw-coal-cuts-emissions-faster-than-any-other-sector/","2026-07-24","1286","","","noindex","noindex-follow","legacy-template-needs-review","","Restore seoIndexable/list visibility from CMS payload or pre-migration backup","automation-policy"
"cowinmagnet-production","https://www.cowinmagnet.com/en/news/magnetic-separation-france-mining-conveyor-system-market-analysis-forecast-size-trends-and","news","2026-07-13","France Mining Conveyor System: Magnetic Separation Questions for Mineral Buyers: Cowinmagnet View","https://www.indexbox.io/store/france-mining-conveyor-system-market-analysis-forecast-size-trends-and-insights/","2026-07-10","1269","","","noindex","noindex-follow","legacy-template-needs-review","","Restore seoIndexable/list visibility from CMS payload or pre-migration backup","automation-policy"
"cowinmagnet-production","https://www.cowinmagnet.com/en/news/electromagnetic-separator-uk-invests-50m-to-build-critical-minerals-supply-chain-mining-di","news","2026-07-12","Invests 50m Build Critical: Magnetic Separation Questions for Mineral Buyers: Cowinmagnet View","https://miningdigital.com/news/uk-invests-50m-to-build-critical-minerals-supply-chain","2026-06-22","1254","","","noindex","noindex-follow","legacy-template-needs-review","","Restore seoIndexable/list visibility from CMS payload or pre-migration backup","automation-policy"
"cowinmagnet-production","https://www.cowinmagnet.com/en/news/magnetic-separation-nigeria-opens-west-africa-s-largest-lithium-processing-plant-to-streng","news","2026-07-12","Nigeria West Africa Africa: Magnetic Separation Questions for Mineral Buyers: Cowinmagnet View","https://africasustainabilitymatters.com/nigeria-opens-west-africas-largest-lithium-processing-plant-to-strengthen-critical-minerals-value-chain-and-energy-transition-ambitions/","2026-07-07","1292","","","noindex","noindex-follow","legacy-template-needs-review","","Restore seoIndexable/list visibility from CMS payload or pre-migration backup","automation-policy"
"cowinmagnet-production","https://www.cowinmagnet.com/en/news/magnetic-separation-cyclic-materials-to-build-82m-rare-earth-recycling-plant-in-south-caro","news","2026-07-12","Cyclic Materials 82M South: Magnetic Separation Questions for Mineral Buyers: Cowinmagnet View","https://www.mining.com/cyclic-materials-to-build-82m-rare-earth-recycling-plant-in-south-carolina/","2026-01-29","1269","","","noindex","noindex-follow","legacy-template-needs-review","","Restore seoIndexable/list visibility from CMS payload or pre-migration backup","automation-policy"
"cowinmagnet-production","https://www.cowinmagnet.com/en/news/magnetic-bars-components-latest-news-in-the-food-and-beverage-industry","news","2026-07-12","Latest Food Beverage Industry: Magnetic Separation Questions for Mineral Buyers: Cowinmagnet View","https://www.powderbulksolids.com/food-beverage/latest-news-in-the-food-and-beverage-industry","2026-07-10","1256","","","noindex","noindex-follow","legacy-template-needs-review","","Restore seoIndexable/list visibility from CMS payload or pre-migration backup","automation-policy"
"cowinmagnet-production","https://www.cowinmagnet.com/en/news/magnetic-separation-managing-hydrogen-sulfide-challenges-in-u-s-landfills","news","2026-07-11","Managing Hydrogen Sulfide Challenges: Recycling Buyers Review Magnetic Separation Needs: Cowinmagnet View","https://www.waste360.com/landfill/managing-hydrogen-sulfide-challenges-in-u-s-landfills","2026-07-10","1265","","","noindex","noindex-follow","legacy-template-needs-review","","Restore seoIndexable/list visibility from CMS payload or pre-migration backup","automation-policy"
"cowinmagnet-production","https://www.cowinmagnet.com/en/news/electromagnetic-separator-contamination-with-hepatitis-a-and-salmonella-among-fda-s-import","news","2026-07-11","Contamination Salmonella FDA: Magnetic Separation Questions for Mineral Buyers: Cowinmagnet View","https://www.foodsafetynews.com/2026/07/contamination-with-hepatitis-a-and-salmonella-among-import-concerns/","2026-07-10","1277","","","noindex","noindex-follow","legacy-template-needs-review","","Restore seoIndexable/list visibility from CMS payload or pre-migration backup","automation-policy"
"cowinmagnet-production","https://www.cowinmagnet.com/en/news/magnetic-separation-robotics-enhances-scrap-metal-sorting-with-high-precision-recycling-pr","news","2026-07-11","Robotics Recycling Product: Recycling Buyers Review Magnetic Separation Needs: Cowinmagnet View","https://www.recyclingproductnews.com/article/43704/zenrobotics-to-supply-one-of-uss-largest-steel-recyclers-with-sorting-robots","2025-09-23","1250","","","noindex","noindex-follow","legacy-template-needs-review","","Restore seoIndexable/list visibility from CMS payload or pre-migration backup","automation-policy"
"cowinmagnet-production","https://www.cowinmagnet.com/en/news/electromagnetic-separator-larvotto-locks-in-blockade-copper-mine-after-drilling-confirms-g","news","2026-07-11","Larvotto Blockade: Magnetic Separation Questions for Mineral Buyers: Cowinmagnet View","https://www.australianmining.com.au/larvotto-locks-in-blockade-copper-mine-after-drilling-confirms-grade/","2026-07-10","1305","","","noindex","noindex-follow","legacy-template-needs-review","","Restore seoIndexable/list visibility from CMS payload or pre-migration backup","automation-policy"
"cowinmagnet-production","https://www.cowinmagnet.com/en/news/magnetic-separation-new-industrial-sorting-systems-based-on-laser-spectroscopy-libs-magnet","news","2026-07-10","New LIBS CORDIS: Recycling Buyers Review Magnetic Separation Needs: Cowinmagnet View","https://cordis.europa.eu/article/id/128556-new-industrial-sorting-systems-based-on-laser-spectroscopy-libs-magnetic-induction-and-machin","2016-07-25","1264","","","noindex","noindex-follow","legacy-template-needs-review","","Restore seoIndexable/list visibility from CMS payload or pre-migration backup","automation-policy"
"cowinmagnet-production","https://www.cowinmagnet.com/en/news/magnetic-separation-mining-conveyor-system-market-forecast-points-higher-toward-2035-drive","news","2026-07-10","Mining Conveyor System Market: Magnetic Separation Questions for Mineral Buyers: Cowinmagnet View","https://www.indexbox.io/blog/mining-conveyor-system-market-forecast-points-higher-toward-2035-driven-by-automation-and-mine-modernization/","2026-07-10","1275","","","noindex","noindex-follow","legacy-template-needs-review","","Restore seoIndexable/list visibility from CMS payload or pre-migration backup","automation-policy"
"cowinmagnet-production","https://www.cowinmagnet.com/en/news/magnetic-separation-un-to-help-kazakhstan-recover-precious-metals-from-electronic-waste-ku","news","2026-07-10","Kazakhstan Kursiv Media: Recycling Buyers Review Magnetic Separation Needs: Cowinmagnet View","https://kz.kursiv.media/en/2026-07-09/engk-tank-un-to-help-kazakhstan-recover-precious-metals-from-electronic-waste/","2026-07-09","1250","","","noindex","noindex-follow","legacy-template-needs-review","","Restore seoIndexable/list visibility from CMS payload or pre-migration backup","automation-policy"
"cowinmagnet-production","https://www.cowinmagnet.com/en/news/magnetic-separation-extracting-critical-minerals-from-america-s-coal-waste-tailings-discov","news","2026-07-10","Extracting Critical Minerals America: Magnetic Separation Questions for Mineral Buyers: Cowinmagnet View","https://news.google.com/rss/articles/CBMilAFBVV95cUxOclBid0dxVGM3RGxmZXJWMTRFV01jU1JUYUViR1J4UlRlNFVHbUkyNm45dTR1cmVPdmswampaWEljRFduU0tqSldwVndUdDlIUkJSQVVBZWZhYlBTdXU3bVdlRGhwbmFNcGZHemFvNlBKZ0dtU2dGUFgtNzhZZHl3Y05xdTR3NVY0X3RpWnY1TGNtckh1?oc=5","2026-07-08","1275","","","noindex","noindex-follow","legacy-template-needs-review","","Restore seoIndexable/list visibility from CMS payload or pre-migration backup","automation-policy"
"cowinmagnet-production","https://www.cowinmagnet.com/en/news/electromagnetic-separator-creating-mining-districts-could-unlock-billions-in-value-study","news","2026-07-09","Creating: Electromagnetic Separator Selection Notes: Cowinmagnet View","https://www.mining.com/mining-districts-could-unlock-billions-in-value-study/","2026-07-07","1209","","","noindex","noindex-follow","legacy-template-needs-review","","Restore seoIndexable/list visibility from CMS payload or pre-migration backup","automation-policy"
"cowinmagnet-production","https://www.cowinmagnet.com/en/news/magnetic-separation-casella-waste-systems-inc-announces-executive-leadership-appointments","news","2026-07-08","Casella Waste Systems Inc: Recycling Buyers Review Magnetic Separation Needs: Cowinmagnet View","https://www.waste360.com/industry-insights/casella-waste-systems-inc-announces-executive-leadership-appointments","2026-07-07","1274","","","noindex","noindex-follow","legacy-template-needs-review","","Restore seoIndexable/list visibility from CMS payload or pre-migration backup","automation-policy"
"cowinmagnet-production","https://www.cowinmagnet.com/en/news/electromagnetic-separator-fenix-crushes-quarter-with-record-shipping-performance","news","2026-07-08","Fenix: Magnetic Separation Questions for Mineral Buyers: Cowinmagnet View","https://www.australianmining.com.au/fenix-crushes-quarter-with-record-shipping-performance/","2026-07-08","1279","","","noindex","noindex-follow","legacy-template-needs-review","","Restore seoIndexable/list visibility from CMS payload or pre-migration backup","automation-policy"
"cowinmagnet-production","https://www.cowinmagnet.com/en/news/magnetic-bars-components-fsa-research-targets-campylobacter-reduction","news","2026-07-08","FSA Campylobacter: Metal Contamination Control Notes for Processors: Cowinmagnet View","https://www.foodsafetynews.com/2026/07/fsa-research-targets-campylobacter-reduction/","2026-07-07","1252","","","noindex","noindex-follow","legacy-template-needs-review","","Restore seoIndexable/list visibility from CMS payload or pre-migration backup","automation-policy"
"cowinmagnet-production","https://www.cowinmagnet.com/en/news/magnetic-separation-worker-falls-30-feet-at-cement-plant","news","2026-07-08","Worker Falls Feet Cement: Magnetic Separation Questions for Mineral Buyers: Cowinmagnet View","https://www.powderbulksolids.com/occupational-safety/worker-falls-30-feet-at-cement-plant","2026-07-06","1271","","","noindex","noindex-follow","legacy-template-needs-review","","Restore seoIndexable/list visibility from CMS payload or pre-migration backup","automation-policy"
"cowinmagnet-production","https://www.cowinmagnet.com/en/news/magnetic-separation-national-waste-and-recycling-foundation-s-skip-the-bin-turn-your-batte","news","2026-07-05","National Waste Recycling Foundation: Recycling Buyers Review Magnetic Separation Needs: Cowinmagnet View","https://www.waste360.com/waste-recycling/national-waste-recycling-foundation-s-skip-the-bin-turn-your-batteries-in-campaign-video-named-gold-winner-in-the-47th-annual-telly-awards","2026-07-01","1310","","","noindex","noindex-follow","legacy-template-needs-review","","Restore seoIndexable/list visibility from CMS payload or pre-migration backup","automation-policy"
"cowinmagnet-production","https://www.cowinmagnet.com/en/news/magnetic-separation-product-spotlight-recycling-today-2026-07-05","news","2026-07-05","Product Spotlight Recycling Today: Recycling Buyers Review Magnetic Separation Needs: Cowinmagnet View","https://news.google.com/rss/articles/CBMidkFVX3lxTE02MkY0ZWJvVDF6TUREa1N4akFWNWNGck5jNFVrYTZqbU1aOV9oMmhDakhRNE1XRXM0d1RjaDNnQWU3UzlQLTNnNTc3SzVOdVUzQW9jMDN6dEdLQ091b0NxSUFJMG1Ydm9pSFdRU01hYlpqWFBqU2c?oc=5","2026-06-30","1248","","","noindex","noindex-follow","not-published","","Restore seoIndexable/list visibility from CMS payload or pre-migration backup","automation-policy"
"cowinmagnet-production","https://www.cowinmagnet.com/en/news/magnetic-separation-product-spotlight-recycling-today","news","2026-07-05","Product Spotlight Recycling Today: Recycling Buyers Review Magnetic Separation Needs: Cowinmagnet View","https://news.google.com/rss/articles/CBMidkFVX3lxTE02MkY0ZWJvVDF6TUREa1N4akFWNWNGck5jNFVrYTZqbU1aOV9oMmhDakhRNE1XRXM0d1RjaDNnQWU3UzlQLTNnNTc3SzVOdVUzQW9jMDN6dEdLQ091b0NxSUFJMG1Ydm9pSFdRU01hYlpqWFBqU2c?oc=5","2026-06-30","1248","","","noindex","noindex-follow","legacy-template-needs-review","","Restore seoIndexable/list visibility from CMS payload or pre-migration backup","automation-policy"
"cowinmagnet-production","https://www.cowinmagnet.com/en/news/magnetic-separation-us-department-of-energy-awards-75m-to-recover-critical-minerals-from-c","news","2026-07-05","Department Energy 75M: Magnetic Separation Questions for Mineral Buyers: Cowinmagnet View","https://www.mining.com/us-department-of-energy-awards-75m-to-recover-critical-minerals-from-coal-feedstocks/","2026-07-02","1259","","","noindex","noindex-follow","legacy-template-needs-review","","Restore seoIndexable/list visibility from CMS payload or pre-migration backup","automation-policy"
"cowinmagnet-production","https://www.cowinmagnet.com/en/news/magnetic-bars-components-reformulation-impacts-from-the-shift-to-natural-food-dyes","news","2026-07-05","Reformulation Impacts Shift Natural: Metal Contamination Control Notes for Processors: Cowinmagnet View","https://www.powderbulksolids.com/food-beverage/the-shift-to-natural-food-dyes-and-reformulation-impacts","2026-07-02","1248","","","noindex","noindex-follow","legacy-template-needs-review","","Restore seoIndexable/list visibility from CMS payload or pre-migration backup","automation-policy"
"cowinmagnet-production","https://www.cowinmagnet.com/en/news/magnetic-bars-components-beef-jerky-recalled-because-of-undeclared-wheat","news","2026-07-04","Beef: Metal Contamination Control Notes for Processors: Cowinmagnet View","https://www.foodsafetynews.com/2026/07/beef-jerky-recalled-because-of-undeclared-wheat/","2026-07-04","1250","","","noindex","noindex-follow","legacy-template-needs-review","","Restore seoIndexable/list visibility from CMS payload or pre-migration backup","automation-policy"
"cowinmagnet-production","https://www.cowinmagnet.com/en/news/electromagnetic-separator-silver-mines-moves-bowdens-closer-to-development-2026-07-04","news","2026-07-04","Silver Mines Bowdens: Electromagnetic Separator Selection Notes: Cowinmagnet View","https://www.australianmining.com.au/silver-mines-moves-bowdens-closer-to-development/","2026-07-03","1269","","","noindex","noindex-follow","not-published","","Restore seoIndexable/list visibility from CMS payload or pre-migration backup","automation-policy"
"cowinmagnet-production","https://www.cowinmagnet.com/en/news/electromagnetic-separator-silver-mines-moves-bowdens-closer-to-development","news","2026-07-04","Silver Mines Bowdens: Electromagnetic Separator Selection Notes: Cowinmagnet View","https://www.australianmining.com.au/silver-mines-moves-bowdens-closer-to-development/","2026-07-03","1269","","","noindex","noindex-follow","legacy-template-needs-review","","Restore seoIndexable/list visibility from CMS payload or pre-migration backup","automation-policy"
"cowinmagnet-production","https://www.cowinmagnet.com/en/news/electromagnetic-separator-us-deep-sea-mineral-processing-plant-planned-by-glomar-australia","news","2026-07-03","Glomar Australia Cobalt Blue: Magnetic Separation Questions for Mineral Buyers: Cowinmagnet View","https://news.google.com/rss/articles/CBMiwAFBVV95cUxPelBweVBNcnlsZjU0SGVqTTcyaGhpM2EwT0NtZHdMOEcxZ0Q3TTRibjR2YWI5V1otNTZUbXhvMVhNd2JQa0FMQlF0Ym9raTdMaVZwWnhXSEJ0S011YUhsZkJwazg3Vl84bFl0SG9sbWJaS0xTaG9LbkcxeXdtZl9TMTZTbjZrR1BiUHdWRjJza2lVd3FJX1lBNGkwV3hHanEwa2xoRkpBY2pwczQ1U1MtZzVHdHN3MmdoOWlkYlBzbmk?oc=5","2026-03-30","1268","","","noindex","noindex-follow","legacy-template-needs-review","","Restore seoIndexable/list visibility from CMS payload or pre-migration backup","automation-policy"
"cowinmagnet-production","https://www.cowinmagnet.com/en/news/electromagnetic-separator-us-based-atlantic-strategic-minerals-confirms-demo-rare-earths-p","news","2026-07-03","US-based Atlantic Strategic Minerals: Magnetic Separation Questions for Mineral Buyers: Cowinmagnet View","https://news.google.com/rss/articles/CBMi3gFBVV95cUxNQ3pNdzNxUFhaWU5TS3NOMjJKQ1hpNGNnb2ozN1o5Q0M3ZnFtUC1abWFxR1c5aTZ6ZndUN045aVQ5SUx4Y0ZDWklpd1RXOURHNHZBZ2RUNXFKRXBFQTh5TFNOLW5udHRXREFiaExVNXo2TUZYaDhXMWZtS0VwVkpxaVBBMzY5ZHIyU3ZZUVc2bHMtNTRKTnRac1l3U2FxTTh0eS0xSGNqVkE4Wl9ZRUR4cUZSRnFEU2FEZ0xaaks3R2dUb3dEZVhvSl9wRjdWOTRWb3FvWUJTc0R1Mjlaa3c?oc=5","2026-06-30","1276","","","noindex","noindex-follow","legacy-template-needs-review","","Restore seoIndexable/list visibility from CMS payload or pre-migration backup","automation-policy"
"cowinmagnet-production","https://www.cowinmagnet.com/en/news/magnetic-separation-improving-bulk-material-handling-through-automation","news","2026-07-02","Improving Bulk Material Handling: Magnetic Separator Buyer Notes: Cowinmagnet View","https://www.powderbulksolids.com/material-handling-transportation/improving-bulk-material-handling-through-automation","2026-07-02","1239","","","noindex","noindex-follow","legacy-template-needs-review","","Restore seoIndexable/list visibility from CMS payload or pre-migration backup","automation-policy"
"cowinmagnet-production","https://www.cowinmagnet.com/en/news/magnetic-separation-colorado-compels-automakers-to-own-ev-battery-recycling-and-reclaim-cr","news","2026-07-02","Colorado Compels Automakers Own: Magnetic Separation Questions for Mineral Buyers: Cowinmagnet View","https://www.waste360.com/waste-recycling/colorado-compels-automakers-to-own-ev-battery-recycling-and-reclaim-critical-minerals","2026-06-22","1304","","","noindex","noindex-follow","legacy-template-needs-review","","Restore seoIndexable/list visibility from CMS payload or pre-migration backup","automation-policy"
"cowinmagnet-production","https://www.cowinmagnet.com/en/news/electromagnetic-separator-koryx-copper-wins-analyst-support-after-namibia-assays","news","2026-07-02","Koryx Copper Namibia: Electromagnetic Separator Selection Notes: Cowinmagnet View","https://www.mining.com/koryx-copper-wins-analyst-support-after-namibia-assays/","2026-06-30","1218","","","noindex","noindex-follow","legacy-template-needs-review","","Restore seoIndexable/list visibility from CMS payload or pre-migration backup","automation-policy"
"cowinmagnet-production","https://www.cowinmagnet.com/en/news/magnetic-separation-weir-lands-major-slurry-pump-order-in-india","news","2026-07-01","Weir India: Magnetic Separation Questions for Mineral Buyers: Cowinmagnet View","https://www.australianmining.com.au/weir-lands-major-slurry-pump-order-in-india/","2026-07-01","1304","","","noindex","noindex-follow","legacy-template-needs-review","","Restore seoIndexable/list visibility from CMS payload or pre-migration backup","automation-policy"
"cowinmagnet-production","https://www.cowinmagnet.com/en/news/magnetic-separation-prima-deshecha-landfill-earns-cal-vpp-star-certification","news","2026-07-01","Prima Deshecha Landfill Earns: Recycling Buyers Review Magnetic Separation Needs: Cowinmagnet View","https://www.waste360.com/landfill/prima-deshecha-landfill-earns-cal-vpp-star-certification","2026-06-30","1273","","","noindex","noindex-follow","legacy-template-needs-review","","Restore seoIndexable/list visibility from CMS payload or pre-migration backup","automation-policy"
"cowinmagnet-production","https://www.cowinmagnet.com/en/news/electromagnetic-separator-how-arafura-and-8217-s-nolans-project-became-absolutely-critical","news","2026-07-01","How Arafura 8217 Nolans: Magnetic Separation Questions for Mineral Buyers: Cowinmagnet View","https://www.australianmining.com.au/how-arafuras-nolans-project-became-absolutely-critical/","2026-07-01","1313","","","noindex","noindex-follow","legacy-template-needs-review","","Restore seoIndexable/list visibility from CMS payload or pre-migration backup","automation-policy"
"cowinmagnet-production","https://www.cowinmagnet.com/en/news/electromagnetic-separator-cereulide-incident-and-deadly-listeria-outbreak-highlighted-in-a","news","2026-07-01","Cereulide Listeria: Metal Contamination Control Notes for Processors: Cowinmagnet View","https://www.foodsafetynews.com/2026/06/cereulide-incident-and-deadly-listeria-outbreak-highlighted-in-annual-eu-food-safety-report/","2026-06-30","1260","","","noindex","noindex-follow","legacy-template-needs-review","","Restore seoIndexable/list visibility from CMS payload or pre-migration backup","automation-policy"
"cowinmagnet-production","https://www.cowinmagnet.com/en/news/magnetic-separation-tomra-recycling-unveils-finder-color-next-generation-color-sorting-for","news","2026-06-30","TOMRA Recycling Unveils FINDER: Recycling Buyers Review Magnetic Separation Needs: Cowinmagnet View","https://news.google.com/rss/articles/CBMi1AFBVV95cUxPeXVSN3RXd19yNXdzeEkwMFpxUklBWDhQeUVxWUswbl9nS0pRbTJTUjFXRU0xT2NNQjZITGJDTGxQcXR6UFdHT1ZDVDh0VWlmM0ZyZjJ3U2RjeXNYRnZNUFhhUzZvS2FTcWVjLWp6V3ViZndMTE1kT2tGeXQ0Z0ZLbTJRRFBwR3BKdTBUZ21SbWdnTXhtdzJjQk5vNUZsblludWZROVNQTTlBV1R5S3JhNDFkc1JUZGhJVWtERUtyLXUzRFFBb2toYkxzdXpSTVV4UDVqZw?oc=5","2025-09-18","1266","","","noindex","noindex-follow","legacy-template-needs-review","","Restore seoIndexable/list visibility from CMS payload or pre-migration backup","automation-policy"
"cowinmagnet-production","https://www.cowinmagnet.com/en/news/electromagnetic-separator-greatland-targets-multi-decade-future-at-telfer-havieron","news","2026-06-30","Greatland Telfer-Havieron: Magnetic Separation Questions for Mineral Buyers: Cowinmagnet View","https://www.australianmining.com.au/greatland-targets-multi-decade-future-at-telfer-havieron/","2026-06-30","1284","","","noindex","noindex-follow","legacy-template-needs-review","","Restore seoIndexable/list visibility from CMS payload or pre-migration backup","automation-policy"
"cowinmagnet-production","https://www.cowinmagnet.com/en/news/magnetic-bars-components-plant-based-food-brand-recalls-2-products","news","2026-06-30","Plant-Based Food Brand Recalls: Metal Contamination Control Notes for Processors: Cowinmagnet View","https://www.powderbulksolids.com/product-recalls/plant-based-food-brand-recalls-2-products","2026-06-24","1234","","","noindex","noindex-follow","legacy-template-needs-review","","Restore seoIndexable/list visibility from CMS payload or pre-migration backup","automation-policy"
"cowinmagnet-production","https://www.cowinmagnet.com/en/news/magnetic-separation-tactical-resources-eyes-nasdaq-debut-as-texas-rare-earths-project-adva","news","2026-06-29","Tactical Resources Nasdaq Texas: Magnetic Separation Questions for Mineral Buyers: Cowinmagnet View","https://www.mining.com/tactical-resources-eyes-nasdaq-debut-as-texas-rare-earths-project-advances/","2026-06-29","1275","","","noindex","noindex-follow","legacy-template-needs-review","","Restore seoIndexable/list visibility from CMS payload or pre-migration backup","automation-policy"
"cowinmagnet-production","https://www.cowinmagnet.com/en/news/electromagnetic-separator-us-army-opens-bases-to-critical-minerals-plants-miningmx","news","2026-06-29","Army Miningmx: Magnetic Separation Questions for Mineral Buyers: Cowinmagnet View","https://news.google.com/rss/articles/CBMikgFBVV95cUxNdFJLT285di1ZLUFpS3k3QVFabmRXaTVTNXVfMmhFS3MxQzBjbXJGQ1FQX181cmJUVHJiaGhSbmxwZGFyU3NfS1NXSjlLVi1rcHR2Z0ZWbFZ2TUVudUV2Y0UyZ3FRalZMRElLalVtWDdVRmlDZHlySzRTQWtsNnU4eHhDY240VUdjVlJHM3NQZndrZw?oc=5","2026-06-26","1248","","","noindex","noindex-follow","legacy-template-needs-review","","Restore seoIndexable/list visibility from CMS payload or pre-migration backup","automation-policy"
"cowinmagnet-production","https://www.cowinmagnet.com/en/news/electromagnetic-separator-thiess-adds-fourth-liebherr-r-9800-in-queensland","news","2026-06-29","Thiess Liebherr 9800 Queensland: Electromagnetic Separator Selection Notes: Cowinmagnet View","https://www.australianmining.com.au/thiess-adds-fourth-liebherr-r-9800-in-queensland/","2026-06-29","1276","","","noindex","noindex-follow","legacy-template-needs-review","","Restore seoIndexable/list visibility from CMS payload or pre-migration backup","automation-policy"
"cowinmagnet-production","https://www.cowinmagnet.com/en/news/magnetic-separation-focus-on-app-and-hardware-update-steinert-metal-and-waste-sorting-solu","news","2026-06-29","Focus App Hardware Update: Recycling Buyers Review Magnetic Separation Needs: Cowinmagnet View","https://news.google.com/rss/articles/CBMiUkFVX3lxTE5za3p3b2h5V013UDVLaEF2dHNpdmY0Sy1TZVpmenA4TTlHbG9kOTNNSUFoVnhJNXpTUEloZHBhXy1ZeC1yTWVTaFVhWHdQdTROcWc?oc=5","2022-05-09","1272","","","noindex","noindex-follow","legacy-template-needs-review","","Restore seoIndexable/list visibility from CMS payload or pre-migration backup","automation-policy"
"cowinmagnet-production","https://www.cowinmagnet.com/en/news/magnetic-separation-gfl-environmental-inc-announces-proposed-private-offering-of-senior-no","news","2026-06-28","GFL Environmental Inc Announces: Conveyor Protection Lessons for Quarry Buyers: Cowinmagnet View","https://www.waste360.com/industry-insights/gfl-environmental-inc-announces-proposed-private-offering-of-senior-notes","2026-06-22","1272","","","noindex","noindex-follow","legacy-template-needs-review","","Restore seoIndexable/list visibility from CMS payload or pre-migration backup","automation-policy"
"cowinmagnet-production","https://www.cowinmagnet.com/en/news/magnetic-separation-wmw-metal-recycling-waste-sorting-excellence-conservit-s-path-to-high","news","2026-06-28","WMW Metal Recycling Waste: Recycling Buyers Review Magnetic Separation Needs: Cowinmagnet View","https://news.google.com/rss/articles/CBMizwFBVV95cUxQSk0xdmM0QVZzMzJlQVp0TlZEc0lIMl9yNHJMcDVWZ1M2QnFJOFhNS1ZvR201QXpMUVUtX2U1RmFjMWxRbWRqa2RORGFabzJoUmc5NndncFFtVHYxSHI5RmFMUzlNR1k5MlZOUnlndjVhaFZreXFlMXZrbjRhYTE4ZTY0NE5zZmoweXVpSU91M1p4Y3ZaMzBxQlpoUmVyOUN3MVlpMFlidUdBSXVFRzQyV1A0VzZQQ19JNGxUbFk1VGo0ajlDUWVWNG9xb3hVZm8?oc=5","2025-07-24","1274","","","noindex","noindex-follow","legacy-template-needs-review","","Restore seoIndexable/list visibility from CMS payload or pre-migration backup","automation-policy"
"cowinmagnet-production","https://www.cowinmagnet.com/en/news/electromagnetic-separator-fda-imposes-stricter-import-controls-because-of-pesticides-salmo","news","2026-06-28","FDA Salmonella: Magnetic Separation Questions for Mineral Buyers: Cowinmagnet View","https://www.foodsafetynews.com/2026/06/fda-imposes-stricter-import-controls-because-of-pesticides-salmonella-and-heavy-metals/","2026-06-26","1259","","","noindex","noindex-follow","legacy-template-needs-review","","Restore seoIndexable/list visibility from CMS payload or pre-migration backup","automation-policy"
"cowinmagnet-production","https://www.cowinmagnet.com/en/news/electromagnetic-separator-leadership-change-signals-covalent-and-8217-s-next-growth-phase","news","2026-06-28","Leadership Covalent 8217: Magnetic Separation Questions for Mineral Buyers: Cowinmagnet View","https://www.australianmining.com.au/leadership-change-signals-covalents-next-growth-phase/","2026-06-25","1311","","","noindex","noindex-follow","legacy-template-needs-review","","Restore seoIndexable/list visibility from CMS payload or pre-migration backup","automation-policy"
"cowinmagnet-production","https://www.cowinmagnet.com/en/news/electromagnetic-separator-food-industry-report-reveals-rising-pay-top-concerns","news","2026-06-27","Food Industry Report Reveals: Metal Contamination Control Notes for Processors: Cowinmagnet View","https://www.powderbulksolids.com/food-beverage/food-industry-report-reveals-rising-pay-top-concerns","2026-06-26","1253","","","noindex","noindex-follow","legacy-template-needs-review","","Restore seoIndexable/list visibility from CMS payload or pre-migration backup","automation-policy"
"cowinmagnet-production","https://www.cowinmagnet.com/en/news/magnetic-separation-plastics-unscripted-the-state-of-plastics","news","2026-06-27","Plastics Unscripted State Plastics: Recycling Buyers Review Magnetic Separation Needs: Cowinmagnet View","https://www.waste360.com/industry-insights/plastics-unscripted-the-state-of-plastics","2026-06-24","1266","","","noindex","noindex-follow","legacy-template-needs-review","","Restore seoIndexable/list visibility from CMS payload or pre-migration backup","automation-policy"
"cowinmagnet-production","https://www.cowinmagnet.com/en/news/electromagnetic-separator-infographic-canada-s-miners-are-blue-collar-wage-leaders","news","2026-06-27","Infographic Canada: Electromagnetic Separator Selection Notes: Cowinmagnet View","https://www.mining.com/infographic-canadas-blue-collar-wage-leaders/","2026-06-25","1217","","","noindex","noindex-follow","legacy-template-needs-review","","Restore seoIndexable/list visibility from CMS payload or pre-migration backup","automation-policy"
"cowinmagnet-production","https://www.cowinmagnet.com/en/news/magnetic-separation-wear-liner-impact-plate-market-forecast-to-2035-replacement-demand-fro","news","2026-06-27","Wear Liner Impact Plate: Magnetic Separation Questions for Mineral Buyers: Cowinmagnet View","https://news.google.com/rss/articles/CBMi4wFBVV95cUxQRU5oSWRRZGptRE1VQ3FEWmZfRHBWUlBzeG9Zb3V0NnlmNW5rUk8zM05KaFV4cFpabklrRXB2TTBqc0tjRkFzNGdJbVYyekFuNHdRX1R5TlJMZ1dGZEhMRTd3c1pvWFdHeVBkd01nOWlyLUZvZ0I3LXZ6SDd1YUVDUnBocUFmM2pFcVRTYktwVVYzYWdFZUo3aUxnaVN6S3NvMTFkMUtVY1RTS1VxVDZPTDFCckpmY0dsblpXZ0JIMElaaDV5VzllLWNJYXlUeTBfNXMycEYtaUVKcTc2bVBkbmJ0cw?oc=5","2026-06-22","1297","","","noindex","noindex-follow","legacy-template-needs-review","","Restore seoIndexable/list visibility from CMS payload or pre-migration backup","automation-policy"
"cowinmagnet-production","https://www.cowinmagnet.com/en/news/electromagnetic-separator-wa-urged-to-seize-100-billion-critical-minerals-opportunity","news","2026-06-25","100: Magnetic Separation Questions for Mineral Buyers: Cowinmagnet View","https://www.australianmining.com.au/wa-urged-to-seize-100-billion-critical-minerals-opportunity/","2026-06-25","1297","","","noindex","noindex-follow","legacy-template-needs-review","","Restore seoIndexable/list visibility from CMS payload or pre-migration backup","automation-policy"
"cowinmagnet-production","https://www.cowinmagnet.com/en/news/magnetic-bars-components-restaurant-inspection-data-may-help-strengthen-foodborne-illness","news","2026-06-25","Restaurant: Magnetic Separation Questions for Mineral Buyers: Cowinmagnet View","https://www.foodsafetynews.com/2026/06/restaurant-inspection-data-may-help-strengthen-foodborne-illness-prevention/","2026-06-23","1240","","","noindex","noindex-follow","legacy-template-needs-review","","Restore seoIndexable/list visibility from CMS payload or pre-migration backup","automation-policy"
"cowinmagnet-production","https://www.cowinmagnet.com/en/news/magnetic-bars-components-icf-system-for-food-environments","news","2026-06-24","ICF System Food Environments: Metal Contamination Control Notes for Processors: Cowinmagnet View","https://www.powderbulksolids.com/dust-collection/icf-system-for-food-environments","2026-06-22","1236","","","noindex","noindex-follow","legacy-template-needs-review","","Restore seoIndexable/list visibility from CMS payload or pre-migration backup","automation-policy"
"cowinmagnet-production","https://www.cowinmagnet.com/en/news/magnetic-separation-waste-world-episode-68-todd-ellis-on-building-a-better-battery-recycli","news","2026-06-24","Waste World Episode Todd: Recycling Buyers Review Magnetic Separation Needs: Cowinmagnet View","https://www.waste360.com/industry-insights/waste-world-episode-68-todd-ellis-on-building-a-better-battery-recycling-system","2026-06-23","1299","","","noindex","noindex-follow","legacy-template-needs-review","","Restore seoIndexable/list visibility from CMS payload or pre-migration backup","automation-policy"
"cowinmagnet-production","https://www.cowinmagnet.com/en/news/electromagnetic-separator-newmont-and-8217-s-red-chris-underground-expansion-gets-regulato","news","2026-06-24","Newmont 8217 Red Chris: Electromagnetic Separator Selection Notes: Cowinmagnet View","https://www.mining.com/newmonts-red-chris-underground-expansion-gets-regulatory-green-light-in-bc/","2026-06-19","1232","","","noindex","noindex-follow","legacy-template-needs-review","","Restore seoIndexable/list visibility from CMS payload or pre-migration backup","automation-policy"
"cowinmagnet-production","https://www.cowinmagnet.com/en/news/magnetic-separation-sustainable-building-materials-company-ceo-on-equipment-choices","news","2026-06-19","Sustainable Building Materials Company: Conveyor Protection Lessons for Quarry Buyers: Cowinmagnet View","https://www.powderbulksolids.com/building-materials/sustainable-building-materials-company-ceo-on-equipment-choices","2026-06-12","1248","","","noindex","noindex-follow","legacy-template-needs-review","","Restore seoIndexable/list visibility from CMS payload or pre-migration backup","automation-policy"
"cowinmagnet-production","https://www.cowinmagnet.com/en/news/electromagnetic-separator-rinehart-s-1b-spacex-bet-targets-mining-beyond-earth","news","2026-06-19","Rinehart SpaceX Earth: Magnetic Separation Questions for Mineral Buyers: Cowinmagnet View","https://www.mining.com/rineharts-1b-spacex-bet-targets-mining-beyond-earth/","2026-06-15","1250","","","noindex","noindex-follow","legacy-template-needs-review","","Restore seoIndexable/list visibility from CMS payload or pre-migration backup","automation-policy"
"cowinmagnet-production","https://www.cowinmagnet.com/en/news/magnetic-separation-casella-s-roadmap-for-renewable-energy-and-driving-a-circular-economy","news","2026-06-19","Casella Roadmap Renewable Energy: Recycling Buyers Review Magnetic Separation Needs: Cowinmagnet View","https://www.waste360.com/industry-insights/casella-s-roadmap-for-renewable-energy-and-driving-a-circular-economy","2026-06-18","1289","","","noindex","noindex-follow","legacy-template-needs-review","","Restore seoIndexable/list visibility from CMS payload or pre-migration backup","automation-policy"
"cowinmagnet-production","https://www.cowinmagnet.com/en/news/electromagnetic-separator-sandvik-achieves-record-operating-hours-on-leopard-di650i","news","2026-06-19","Sandvik Leopard DI650i: Magnetic Separation Questions for Mineral Buyers: Cowinmagnet View","https://www.australianmining.com.au/sandvik-achieves-record-operating-hours-on-leopard-di650i/","2026-06-19","1292","","","noindex","noindex-follow","legacy-template-needs-review","","Restore seoIndexable/list visibility from CMS payload or pre-migration backup","automation-policy"
"cowinmagnet-production","https://www.cowinmagnet.com/en/news/electromagnetic-separator-publisher-s-platform-fda-s-byheart-inspection-report-is-finally","news","2026-06-17","Publisher Platform FDA ByHeart: Electromagnetic Separator Selection Notes: Cowinmagnet View","https://www.foodsafetynews.com/2026/06/publishers-platform-fdas-byheart-inspection-report-is-finally-public-everyone-owns-the-bottle/","2026-06-17","1267","","","noindex","noindex-follow","legacy-template-needs-review","","Restore seoIndexable/list visibility from CMS payload or pre-migration backup","automation-policy"
"cowinmagnet-production","https://www.cowinmagnet.com/en/news/magnetic-separation-wmw-setting-new-standards-in-scrap-recycling-hudei-metals-leads-india","news","2026-06-17","WMW Setting HUDEI Metals: Recycling Buyers Review Magnetic Separation Needs: Cowinmagnet View","https://news.google.com/rss/articles/CBMirwFBVV95cUxNVkI3bFp3U2xMbUVMUFk5c1BOTnplZ2ZjaXNSVFBaLWd1T1o3STl5MERFZzZoZ3lBbWU3NUxuQkNkMkF3eERsNnRzV19jbzFJT2V4dExLRDczeEpUV2FFVE1QWk9ZZElPS3pUUXFDWV91SWczUDBxd1JIMmVod2xWOE5Cdk8ySnNSSUpiVkQ3ZXVlb0x2UU5CbkczSVFMcm9qajNLdC05cnI4SnBkUjRj?oc=5","2025-05-15","1280","","","noindex","noindex-follow","legacy-template-needs-review","","Restore seoIndexable/list visibility from CMS payload or pre-migration backup","automation-policy"
"cowinmagnet-production","https://www.cowinmagnet.com/en/news/electromagnetic-separator-barminco-selects-sandvik-for-23-unit-bellevue-gold-project-fleet","news","2026-06-16","Barminco Sandvik 23-unit Bellevue: Electromagnetic Separator Selection Notes: Cowinmagnet View","https://www.australianmining.com.au/barminco-selects-sandvik-for-23-unit-bellevue-gold-project-fleet/","2026-06-16","1277","","","noindex","noindex-follow","legacy-template-needs-review","","Restore seoIndexable/list visibility from CMS payload or pre-migration backup","automation-policy"
"cowinmagnet-production","https://www.cowinmagnet.com/en/news/magnetic-bars-components-nestl-removes-all-artificial-food-dyes-from-us-products","news","2026-06-16","Nestl Removes All Artificial: Metal Contamination Control Notes for Processors: Cowinmagnet View","https://www.powderbulksolids.com/food-beverage/nestl-removes-all-artificial-food-dyes-from-us-products","2026-06-16","1250","","","noindex","noindex-follow","legacy-template-needs-review","","Restore seoIndexable/list visibility from CMS payload or pre-migration backup","automation-policy"
"cowinmagnet-production","https://www.cowinmagnet.com/en/news/magnetic-separation-cirba-solutions-collaborates-with-industry-coalition-behind-colorado-s","news","2026-06-16","Cirba Solutions Collaborates Industry: Recycling Buyers Review Magnetic Separation Needs: Cowinmagnet View","https://www.waste360.com/waste-legislation/cirba-solutions-collaborates-with-industry-coalition-behind-colorado-s-nation-leading-ev-battery-recycling-law","2026-06-05","1297","","","noindex","noindex-follow","legacy-template-needs-review","","Restore seoIndexable/list visibility from CMS payload or pre-migration backup","automation-policy"
"cowinmagnet-production","https://www.cowinmagnet.com/en/news/magnetic-separation-prospare-enhance-conveyor-efficiency-at-uk-cement-plant-agg-net","news","2026-06-14","ProSpare Agg-Net: Conveyor Protection Lessons for Quarry Buyers: Cowinmagnet View","https://news.google.com/rss/articles/CBMijAFBVV95cUxQbHcydU1haWpJYVRXQkpUdE05Y0J6VV9KaFYyNDRWNFpMTTVHRFJSNXRpXzhOVWpmRlY0N0V6VF9wUGJRbkZoZi1Ja2NMRHF4b21WYVRMNHpkalUtaFYySkV6QkE3Q3RuVVRiTDVyeXBETW1feDdERXBiMDVja0ZpN3FlajZ3Vk9SUmRjUg?oc=5","2026-06-12","1236","","","noindex","noindex-follow","legacy-template-needs-review","","Restore seoIndexable/list visibility from CMS payload or pre-migration backup","automation-policy"
"cowinmagnet-production","https://www.cowinmagnet.com/en/news/electromagnetic-separator-indonesia-raids-gold-company-in-1-4b-laundering-probe","news","2026-06-13","Indonesia: Electromagnetic Separator Selection Notes: Cowinmagnet View","https://www.mining.com/indonesia-raids-gold-company-in-1-4b-laundering-probe/","2026-06-11","1209","","","noindex","noindex-follow","legacy-template-needs-review","","Restore seoIndexable/list visibility from CMS payload or pre-migration backup","automation-policy"
"cowinmagnet-production","https://www.cowinmagnet.com/en/news/electromagnetic-separator-mining-s-next-boom-is-off-the-map-arctic-ice-abyssal-plains-and","news","2026-06-13","Mining Arctic: Magnetic Separation Questions for Mineral Buyers: Cowinmagnet View","https://www.mining.com/minings-next-boom-is-off-the-map-arctic-ice-abyssal-plains-and-asteroids/","2026-06-12","1260","","","noindex","noindex-follow","legacy-template-needs-review","","Restore seoIndexable/list visibility from CMS payload or pre-migration backup","automation-policy"
"cowinmagnet-production","https://www.cowinmagnet.com/en/news/electromagnetic-separator-goldmining-pea-outlines-532m-value-10-year-life-for-s-o-jorge-pr","news","2026-06-12","GoldMining PEA 532M 10-year: Electromagnetic Separator Selection Notes: Cowinmagnet View","https://www.mining.com/goldmining-pea-outlines-532m-value-10-year-life-for-sao-jorge-project/","2026-06-11","1233","","","noindex","noindex-follow","legacy-template-needs-review","","Restore seoIndexable/list visibility from CMS payload or pre-migration backup","automation-policy"
"cowinmagnet-production","https://www.cowinmagnet.com/en/news/magnetic-separation-glencore-to-resume-emissions-spending-at-quebec-smelter","news","2026-06-12","Glencore Quebec: Magnetic Separation Questions for Mineral Buyers: Cowinmagnet View","https://www.mining.com/glencore-to-resume-emissions-spending-at-quebec-smelter/","2026-06-11","1254","","","noindex","noindex-follow","legacy-template-needs-review","","Restore seoIndexable/list visibility from CMS payload or pre-migration backup","automation-policy"
"cowinmagnet-production","https://www.cowinmagnet.com/en/news/electromagnetic-separator-mining-m-and-038-a-value-surges-in-q1-but-deal-count-plunges-s-a","news","2026-06-11","Mining 038 038: Electromagnetic Separator Selection Notes: Cowinmagnet View","https://www.mining.com/mining-ma-value-surges-in-q1-but-deal-count-plunges-sp/","2026-06-10","1233","","","noindex","noindex-follow","legacy-template-needs-review","","Restore seoIndexable/list visibility from CMS payload or pre-migration backup","automation-policy"
"cowinmagnet-production","https://www.cowinmagnet.com/en/news/magnetic-separation-recycling-entrepreneurs-among-south-african-award-winners","news","2026-06-10","Recycling South African: Recycling Buyers Review Magnetic Separation Needs: Cowinmagnet View","https://www.recyclingtoday.com/petco-epr-recycling-south-africa-2026-awards-pet-plastic-packaging","2026-06-10","1136","","","noindex","noindex-follow","legacy-template-needs-review","","Restore seoIndexable/list visibility from CMS payload or pre-migration backup","automation-policy"
"cowinmagnet-production","https://www.cowinmagnet.com/en/news/magnetic-separation-rio-tinto-ramps-up-smelter-with-recycling-tie-in","news","2026-06-09","Rio Tinto: Recycling Buyers Review Magnetic Separation Needs: Cowinmagnet View","https://www.recyclingtoday.com/rio-tinto-primary-aluminum-smelter-quebec-canada-recycling","2026-06-08","1135","","","noindex","noindex-follow","legacy-template-needs-review","","Restore seoIndexable/list visibility from CMS payload or pre-migration backup","automation-policy"
"cowinmagnet-production","https://www.cowinmagnet.com/en/news/magnetic-separation-elementusa-colorado-school-of-mines-win-67m-award-for-rare-earth-proce","news","2026-06-09","Rare Earth Processing News Signals Magnetic Separation Demand: Cowinmagnet View","https://www.mining.com/doe-awards-67m-to-elementusa-colorado-school-of-mines-for-rare-earth-processing-plant/","2026-06-03","1130","","","noindex","noindex-follow","legacy-template-needs-review","","Restore seoIndexable/list visibility from CMS payload or pre-migration backup","automation-policy"
"cowinmagnet-production","https://www.cowinmagnet.com/en/news/magnetic-separation-stardust-power-joins-doe-backed-lithium-extraction-program","news","2026-06-06","Rare Earth Processing News Signals Magnetic Separation Demand: Cowinmagnet View","https://www.mining.com/stardust-power-joins-department-of-energy-backed-lithium-extraction-program/","2026-06-03","1122","","","noindex","noindex-follow","legacy-template-needs-review","","Restore seoIndexable/list visibility from CMS payload or pre-migration backup","automation-policy"
"cowinmagnet-production","https://www.cowinmagnet.com/en/news/magnetic-separation-commentary-lithium-ion-battery-fire-risks-and-mitigation-across-the-wa","news","2026-06-05","Rare Earth Processing News Signals Magnetic Separation Demand: Cowinmagnet View","https://www.recyclingtoday.com/lithium-ion-battery-risks-mitigation-across-the-waste-recycling-stream","2026-06-02","1135","","","noindex","noindex-follow","legacy-template-needs-review","","Restore seoIndexable/list visibility from CMS payload or pre-migration backup","automation-policy"
